poiid,title,lon,lat,address,describe,lon_wgs84,lat_wgs84,geometry
B209425DDB69A2FE4598,ZMAX酒店(深圳南山海上世界蛇口店),113.9267722,22.4861213,蛇口老街116-3号,,113.9219133,22.48916251,POINT (113.92191334164028 22.489162510483723)
B2094257D165A7FB429F,平安银行深圳东角头支行,113.93117,22.48652,蛇口新街62,,113.9263085,22.48955589,POINT (113.92630853329004 22.489555887715962)
B209445CD06DA3F5429A,回味轩光明乳鸽,113.9302,22.48701,蛇口新街86,,113.9253391,22.49004714,POINT (113.92533914955142 22.490047138141687)
B209445CD06CA1F4489A,家焙幸福(东角头店),113.92949,22.48801,蛇口新街北渔村路82号,,113.9246295,22.49104803,POINT (113.92462953257653 22.491048030840854)
B2094554D469A7FF489F,包师傅(东角头店),113.92921,22.48807,蛇口街道蛇口石云小区大门口左侧2号,,113.9243497,22.49110837,POINT (113.92434969826085 22.491108374897628)
B2094255D06FABF54598,深圳市大城小舍酒店式短租公寓(南油店)(南山公园-海关登山口分店),113.92108,22.4995,深圳南山区深圳南山新一代国际酒店公寓,,113.9162223,22.50254682,POINT (113.91622228841341 22.502546817436947)
B2094652DB6AABFD4193,北京师大南山附属学校小学部,113.9347998,22.511127,广东省深圳市南山区粤琴二路19号,,113.929934,22.51415763,POINT (113.92993397631489 22.514157631163112)
B209475CD16EA2FE469D,前海湾健康水会,113.914388,22.52189449,前海路88号北头商厦东方山水酒店1-5楼(近南园小学),,113.9095293,22.5249455,POINT (113.90952925162632 22.52494549619367)
B2094652DB6AA2FC499F,南山钟表翡翠博物馆,113.92108,22.52573,南山区常兴路,,113.9162206,22.52877609,POINT (113.91622063449918 22.5287760888191)
8008644030500000000,南山区,113.92943,22.531221,南山区，隶属于广东省深圳市，位于深圳市西南部、深圳经济特区西部。全区总面积510.948平方公里，其中陆地面积181.948平方公里，海洋面积329平方公里。2012年，南山区常住人口为110.85万人。2013年，南山区实现地区生产总值3206.57亿元。南山区是深圳市旅游基地，拥有世界之窗、欢乐谷、锦绣中华，海上世界、新安古城、青青世界、野生动物园、南头古城等主题公园和著名景点。,,113.9245668,22.53425808,POINT (113.92456684344641 22.534258077582212)
B2094652DB6AA2F9429B,君富豪大酒楼,113.91867,22.53198,南山区桃园路193号金桃园大厦1-3楼(近南山医院),,113.9138106,22.53502772,POINT (113.91381061643034 22.535027724945643)
B2094653D269AAF54993,TT'sCoffee深南大道店,113.94913,22.54006,深南大道2028号中国凤凰大厦3号楼101铺,,113.9442456,22.54306422,POINT (113.94424564239125 22.543064219169068)
B2094556DB6AA1F84098,DF冰雪精灵(荷兰花卉小镇店),113.91383,22.54424,荷兰花卉小镇B区7号,,113.9089698,22.54729008,POINT (113.90896975394011 22.547290084106603)
B2094556D26EA0FB499A,电白鸭粥店(运昌路),113.84003,22.60087,南昌二队西十巷10号附近,,113.8350453,22.60384911,POINT (113.83504525858338 22.603849113367414)
B2094251DB65A7F54498,中国书画院(深圳分院),113.84705,22.609154,三围航空路9号,,113.842083,22.61214452,POINT (113.84208303605199 22.612144522232175)
B209445CD36AA3F54998,潮汕人家番薯粥(凯成一路店),113.83399,22.63326,广东省深圳市宝安区航城街道新瑞路恒金大厦,,113.828987,22.6362226,POINT (113.82898704631562 22.63622260118277)
B209445DD46FA3F4429B,深圳都市精品酒店,113.86311,22.636261,深圳市宝安区西乡洲石路九围富源工业城(工业城大门口),,113.8581799,22.63927267,POINT (113.85817991684883 22.639272666753097)
B2094554DA6AA4FA479E,新宝烧味茶餐厅(兴华二路店),113.90644,22.56568,兴华二路73-3号,,113.9015761,22.56873101,POINT (113.90157608993987 22.568731006966775)
B2094557D568A3FB4498,深圳宝安画院,113.917245,22.566226,新安二路74号,,113.9123835,22.56927215,POINT (113.9123835454266 22.56927214882907)
B2094554DA6AA6FC4699,潮汕番薯粥(富通城店),113.85924,22.56606,西乡街道兴业路2078号,,113.8543056,22.56907599,POINT (113.85430562277989 22.5690759858911)
B209445DD06EAAFE4498,宜记潮汕番薯粥,113.85912,22.56613,兴业路2078号,,113.8541853,22.5691458,POINT (113.8541853403938 22.569145796727526)
B2094652DB6AA5F8459C,大富豪海鲜酒楼,113.90605,22.56671,宝城10区前进路南则,,113.9011858,22.56976098,POINT (113.90118583035198 22.569760981044563)
B2094557D36AAAFE449E,乡村农家木桶饭(西丽店),113.95388,22.58193,留仙大道鼎新大厦附近,,113.9489856,22.58492035,POINT (113.94898561299047 22.584920346281358)
B2094750D764A7FB4792,太清凉茶甜品店(西丽店),113.950731,22.583405,新高路留仙居366大街1-7,,113.9458415,22.58640192,POINT (113.94584150486503 22.586401915831214)
B2094653D268AAF84293,弘源寺(北区东南门),113.90269,22.70149,广东省深圳市光明区玉塘街道星湖路93石岩湖温泉度假村,,113.8978153,22.70451682,POINT (113.89781531690909 22.70451681997356)
B2094254DB64A7FA4598,景记潮汕砂锅粥大排档,113.9184,22.73078,公明街道甲子塘市场旁边(盛世华联百货侧门旁边),,113.9135281,22.73379269,POINT (113.91352805066454 22.733792693442002)
B2094556D765A2FA449F,全汁全味驴庄,113.9032841,22.7828181,红花北路红花山58号,,113.8984046,22.78582051,POINT (113.89840463141516 22.78582050763791)
B209445CD06DA0FB489B,舞茶道(沙井京基百纳店),113.80705,22.72889,沙井镇沙头七路8号(即京基百纳广场东北门旁),,113.8019696,22.73178016,POINT (113.80196960959049 22.731780161668166)
B2094250D16EABFF439E,旭联海洋牧场旅游景区,114.49114,22.48774,南澳镇鹅公湾旭联海洋牧场旅游景区,,114.4864065,22.49057883,POINT (114.48640648642115 22.490578833239624)
B209425CD06DA2F5459B,深圳大鹏莫默海边木屋(东涌沙滩店),114.582558,22.489806,沙岗二路40号,,114.5780706,22.49285099,POINT (114.5780706223387 22.492850993166684)
B209445CD36AABFF489C,官湖村海滩烧烤场,114.42551,22.60453,葵涌官湖村内官湖中路185号,,114.4205875,22.60721453,POINT (114.42058750149789 22.607214534089064)
B2094757D168A1FA499E,丹桂轩(茶溪谷店),114.3041992,22.60956001,盐田区东部华侨城茵特拉根小镇(近茶溪谷茵拉根酒店),,114.2993493,22.61236707,POINT (114.2993493171505 22.61236706676085)
B2094254D66FAAF5469D,肯德基(茶溪谷店),114.27856,22.63228,茶溪谷景区,,114.2737323,22.63511897,POINT (114.2737323370436 22.635118974033283)
B2094757D168AAF5419A,茶溪谷湿地公园,114.2777637,22.6340854,广东省深圳市盐田区盐田街道东部华侨城内,,114.2729363,22.63692486,POINT (114.27293632916383 22.636924859051472)
B2094251D26CA4FB4893,全汁全味驴庄,114.2495917,22.6607989,横坪路简清园1号,,114.2447612,22.66364752,POINT (114.24476118205253 22.663647518425226)
B2094256DA6EA4FC449C,潮汕郑记番薯粥大排档,114.22974,22.67776,金源路188东南方向20米,,114.2248878,22.68059726,POINT (114.22488780050068 22.680597255150794)
B2094555DA6DA3FB429D,河南面庄,114.29668,22.72597,同富路9,,114.2918315,22.72876339,POINT (114.29183152381655 22.72876339072322)
B209445CD364A3FE4292,甜蜜8号(东角头店),113.93746,22.48671,蛇口东角头金色海琴苑105铺,,113.9325933,22.48973683,POINT (113.93259328353568 22.48973682684998)
B2094653D26AABFD4993,东角头渔港公交站,113.93081,22.48334,广东省深圳市南山区蛇口街道望海路半岛城邦2期,,113.925949,22.48637633,POINT (113.9259489789753 22.48637632612346)
B209425DD76CA6F5439B,梦公园精品酒店(深圳蛇口海上世界店),113.9300737,22.4840925,湾厦路与望海路交叉口东北60米,,113.9252131,22.48712977,POINT (113.92521311448866 22.487129773160074)
B2094554DA6DABF8439F,鲜芋仙(蛇口海上世界广场店),113.91512,22.48402,蛇口太子路32号丽明楼正9号商铺(海上世界地铁站A出口),,113.9102637,22.48707115,POINT (113.91026368477752 22.487071148573218)
8008644030500000024,深圳湾,113.949545,22.503013,"位于：中国,广东省,深圳市,南山区",,113.9446624,22.50601784,POINT (113.9446623767993 22.506017842871685)
B2094757D065ABFA439D,圣丰城酒家(桂花路店),114.058495,22.510317,福田区保税区桂花路9号帝涛豪园1楼(近口岸),,114.0533824,22.51303467,POINT (114.05338244658121 22.513034672016136)
B2094653D26DA4F9409B,春满园(万科金域蓝湾店),114.02465,22.52418,福田区福荣路78号万科金域蓝湾一期商铺01号,,114.0195963,22.52697562,POINT (114.01959625446212 22.526975622364855)
B2094753DB6FA2F9499B,7天连锁酒店(深圳世界之窗店),113.9923816,22.5269823,深圳南山区白石洲沙河街2号金三角大厦,,113.9874071,22.52987354,POINT (113.9874071346455 22.529873543520477)
B2094653D269A4FD4592,万福盈连锁酒店深圳欢乐谷店星河之星,113.92347,22.51681,南山区创业路145号,,113.9186105,22.51985425,POINT (113.91861054923683 22.519854253436343)
B209445CD764A5FC499A,深圳前海钥石财富管理有限公司,113.934113,22.517651,广东省深圳市南山区后海路和海德三道交汇处,,113.9292473,22.52068243,POINT (113.92924734127975 22.520682428336514)
B2094653D26EA4F44599,太清凉茶甜品店（皇御苑店）,114.07633,22.52443,福田南路7号皇御苑A区19B铺(与滨河路交汇处),,114.0712033,22.52712286,POINT (114.07120328173148 22.527122859673373)
B2094251D669A1F4439A,骏怡连锁酒店(深圳会展中心皇岗口岸店),114.07773,22.52742,福田南路28皇岗公路大厦,,114.0726027,22.5301114,POINT (114.07260267430946 22.53011139937662)
B209445CD369A0FB459E,太清凉茶甜品新洲一街店,114.04764,22.52555,新洲一街45,,114.0425413,22.52828826,POINT (114.04254127843727 22.52828825628392)
B2094652DB64A4FC459A,皇岗口岸交通运输管理站,114.077512,22.527528,福田南路28皇岗公路大厦3层右,,114.0723847,22.53021959,POINT (114.07238472535133 22.530219594641704)
B2094550D76AA6F8489D,深圳七娘山皮皮花园特色民宿,114.521983,22.529024,深圳龙岗区南澳欧书园村26栋,,114.517355,22.53195345,POINT (114.51735495927076 22.531953448279413)
B209445CD765A4FB429A,南澳七娘山星晴客栈,114.518182,22.53008,广东省深圳市南澳镇新大社区下横岗村66号,,114.5135411,22.53299855,POINT (114.51354112302164 22.532998554934732)
B209445DD46DA3F84993,深圳大鹏七娘山一抹时光客栈4号店,114.517807,22.530144,深圳市大鹏新区南澳新大社区下横岗83号,,114.5131648,22.53306147,POINT (114.51316484470608 22.533061469829256)
B209445CD364A2F5489A,七娘山悠悠阁民宿,114.51598,22.54168,新大社区新圩18号,,114.5113309,22.54459149,POINT (114.51133088537878 22.544591487565604)
B209445DDB69ABFB449F,深圳七娘山雅新民宿客栈,114.524918,22.544032,大鹏新区南澳街道办新大新东路58号,,114.5202987,22.54696874,POINT (114.52029868909072 22.546968742855185)
B2094753D76DA0FC479B,深圳杨梅坑山海天然潭,114.57721,22.548185,南澳镇杨梅坑天然潭度假村(近七星湾),,114.5727133,22.55122355,POINT (114.57271331597924 22.55122354717568)
B2094653D268A1FB4498,中英街新一佳平真商场,114.23266,22.54586,盐田区沙头角中英街1-6号,,114.2278202,22.54871976,POINT (114.22782019854031 22.548719760484445)
B209445CD765A6F5459B,深圳市一念书画院,114.235242,22.551315,深圳市盐田区海山街海涛路东和大厦4楼,,114.2304051,22.55417588,POINT (114.23040513415437 22.554175878560024)
B2094257D46DA5FB499A,深圳市盐田区太清凉茶甜品壹海城店,114.237516,22.554636,海山街道鹏湾社区深盐路2039号壹海中心183,,114.2326816,22.55749776,POINT (114.23268159254407 22.55749775552447)
B209445CD36BA2F84592,桔钓沙烧烤,114.55871,22.55499,广东省深圳市龙岗区南澳街道新东路12号,,114.5541823,22.55800347,POINT (114.55418232327034 22.558003466953572)
B2094750D765A5F44898,渝君鸡煲,114.13016,22.55869,翠竹路1026,,114.1250805,22.5613908,POINT (114.12508049990969 22.56139079940001)
B2094757D16AA3F5409B,乡村小厨(锦绣中华店),113.986953,22.529695,南山区锦绣中华锦园啤酒美食广场A01铺(近锦绣中华正门口),,113.9819919,22.53260233,POINT (113.98199185440527 22.53260233004613)
B2094255D765A6F4499B,嘟嘟生蚝,114.02311,22.53325,泰然九路21皇冠科技园,,114.0180592,22.53604949,POINT (114.0180591812535 22.53604948548672)
B2094652DB64A0F94392,深圳金秀国际仓运有限公司(深南大道),114.02078,22.53432,深南大道6031号杭钢富春商务大厦2618,,114.0157345,22.53712603,POINT (114.01573451659668 22.53712602973696)
B2094653D26EA5FB479C,深圳世界之窗有限公司,113.972981,22.534662,深南大道9037号,,113.9680524,22.53760904,POINT (113.96805237932271 22.53760903588442)
B2094757D46AA7FD489E,卖茶（深南大道店）,114.01064,22.53474,福田区紫竹七道17号求是大厦1楼(近锦绣江南),,114.005619,22.53757569,POINT (114.0056190220651 22.537575688216698)
B2094554D26AA1F54893,旅行家公寓(深圳欢乐谷店),113.979297,22.536388,沙河世纪假日广场A栋3号(靠近佛山街),,113.9743538,22.53931727,POINT (113.97435384935643 22.5393172651129)
B2094757D065A3F44592,王品台塑牛排深圳华侨城店,113.97611,22.53695,深南大道9028号益田假日广场L3-1号,,113.9711742,22.53988824,POINT (113.97117419263348 22.539888244105178)
B209475CD064A1F4439B,太清凉茶甜品店（福祥街店）,114.08195,22.53326,福星路福祥街26号,,114.0768216,22.53594764,POINT (114.07682161930019 22.53594763999013)
B2094652DB64A5F84498,太清凉茶(福星路),114.08195,22.53326,福田区复星路福祥街24号,,114.0768216,22.53594764,POINT (114.07682161930019 22.53594763999013)
B2094757DA6CAAFC4692,太清凉茶甜品福祥店,114.08187,22.53334,福祥街24,,114.0767416,22.53602769,POINT (114.07674161889129 22.536027693682566)
B2094551D06EA2F5479F,深圳BON近福田会展中心福田皇岗双口岸酒店式公寓,114.07217,22.536552,深圳福田区皇岗路2001号高科利大厦-B栋18E,,114.0670443,22.53924868,POINT (114.06704426830098 22.539248682378837)
B2094653D26AA1F8439D,百年意式咖啡店,114.067314,22.537651,福田区彩田路3069号星河世纪1楼(近COCO购物公园),,114.0621913,22.54035377,POINT (114.06219129842506 22.540353768633608)
B2094652DB64A6FA489D,深圳宁波酒家嘉汇店,114.08068,22.538954,福田区福明路3号嘉汇大厦4楼,,114.0755514,22.54164226,POINT (114.07555136081982 22.54164226047701)
B2094757D76DA6FD4198,上岛咖啡（深南大道店）,113.97396,22.53791,高新科技园南区科技南七路国微大厦附楼(近中信大厦),,113.969029,22.54085416,POINT (113.9690289927636 22.540854156434165)
B2094652DB69A5FA4692,华侨城创意文化园,113.993472,22.5373436,锦绣北街8号,,113.9884941,22.540231,POINT (113.98849413258729 22.54023100172396)
B209475CDB6DABFD449D,深圳乐居68连锁公寓(华侨城世界之窗店),113.9721894,22.53869665,南山区华侨城片区世界之窗对面沙河世纪假日广场,,113.9672623,22.5416456,POINT (113.96726226886655 22.54164560243354)
B209445DD46FA6F5469E,深圳世界之窗木鼓坊青年旅舍,113.972074,22.538751,"深圳南山区世界之窗沙河世纪假日广场(华侨城商圈内,世界之窗对面)",,113.9671471,22.54170026,POINT (113.96714711876123 22.54170026241902)
B209445DDB64A5FB449E,深圳世界之窗假日青年旅舍(深南道店),113.9722,22.5389,深南大道9030号沙河世纪假日广场C座(世界之窗、白石洲地铁站200米，益田假日广场),,113.9672728,22.54184891,POINT (113.96727283263601 22.54184891091669)
B209445DDB6AA3FF479C,时光纪青年旅舍(深圳世界之窗店),113.972164,22.539452,白石洲世界花园,,113.9672369,22.54240097,POINT (113.96723687658083 22.54240097392347)
B209445DD468A1FD4092,深圳纳家青年旅舍世界之窗店,113.972179,22.539555,深圳南山区深南大道华夏路42号,,113.9672518,22.54250393,POINT (113.96725183707885 22.542503926639373)
B209445DD665A6FD419D,深圳Time时光青年旅社欢乐谷店,113.976143,22.541883,深圳市南山区沙河侨城西街9号,,113.9712068,22.54482084,POINT (113.97120680293527 22.544820839229818)
B2094554D268A0F8449E,7天连锁酒店(深圳科学馆地铁站店),114.091478,22.537794,南园路与爱华路交口149号,,114.086351,22.54047652,POINT (114.08635096155443 22.54047651973179)
B209445DDB6AAAFE419E,锦江之星风尚(深圳科学馆店),114.0949,22.5385,松岭路62-64号(原城市客栈科学馆店),,114.0897746,22.54118173,POINT (114.08977456938189 22.541181728565387)
B2094550DB6DA7F44492,驿居酒店(深圳深南大道华强路地铁站店),114.088135,22.540288,华强北路1002东南方向120米,,114.0830067,22.5429716,POINT (114.0830067254033 22.542971600178266)
B2094652DB65AAF84099,渝君重庆火锅(金色都汇西北),114.124707,22.541504,向西村嘉宾路1012号(向西村地铁站C口步行300米),,114.1196181,22.5441999,POINT (114.1196180684674 22.544199902713938)
B2094750D765A0F84993,渝君鸡煲(振兴西路),114.08223,22.54596,福田区振兴西路113号1楼(华富路口),,114.0771008,22.54864663,POINT (114.07710077674837 22.548646630258432)
B209445DD26AA7F44793,邱哥手工吐司(华侨城丹桂轩店),113.9747713,22.54657709,南山区华侨城香山街波托菲诺会所一楼,,113.9698379,22.54951843,POINT (113.96983792995051 22.549518426835398)
B2094554DB6BA0FD4998,深圳水库南门烧烤场(罗沙路店),114.14751,22.55295,罗沙路5026号东湖公园南门(原东方神曲景点内),,114.1424703,22.55567666,POINT (114.142470312345 22.555676656785977)
B2094353D36EA4F54598,深圳儿童探索馆,114.044821,22.552622,景田路78号深圳妇儿大厦-裙楼1层儿童大堂,,114.0397251,22.55536473,POINT (114.03972511771018 22.555364733805817)
B2094653D26CA6F4449C,成记潮汕番薯粥,114.09219,22.55436,百花三路28,,114.0870622,22.55704113,POINT (114.08706217909882 22.557041125348718)
B2094652DB65ABFB419C,豪林居餐馆(八卦一路美食街店),114.101127,22.557069,八卦一路45号首层(园岭地铁站A口步行390米),,114.0960048,22.55974932,POINT (114.09600478933167 22.559749315895708)
B209475CD06CA5F84498,意式百年咖啡厅,114.1087087,22.56316497,宝安北路3019号好百年家居1楼中庭(梅园路口),,114.1035939,22.56584695,POINT (114.10359392385982 22.56584694989784)
B209475CD66BA5FF429F,太清凉茶甜品店（梅林店）,114.05522,22.56598,福田区上梅林新村156号101铺(梅华路肯德基对面路口进),,114.0501078,22.56870014,POINT (114.0501077936547 22.56870014204632)
B209445DDB65A4FA4193,深圳囍house大鹏湾海边客栈,114.5102,22.5882,大鹏新区较场尾较三西四巷1号(近银滩路较场尾P1停车场，鹏城桥公交站附近),,114.5055279,22.59108994,POINT (114.50552791757259 22.59108993876733)
B209445CDB64A7F84093,大红灯笼(梅林水库店),114.038451,22.568891,梅丽璐梅林水库梅园小学门,,114.0333655,22.57164717,POINT (114.03336547598994 22.571647170498174)
B209445CD365A5F5409F,潮悦牛肉广场(西丽珠光路店),113.96685,22.56858,"西丽珠光路74号(近珠光江南百货,珠光花半里小区旁)",,113.9619323,22.57154067,POINT (113.96193233990162 22.571540673825645)
B2094250D16EAAFC4199,孔子圣像,113.93929,22.58168,留仙大道2190深圳职业技术学院留仙洞校区,,113.9344154,22.58469854,POINT (113.93441542501733 22.584698541876442)
B209445CD46CA1FC429E,万魔教 ·光明顶,113.994342,22.591736,深圳市南山区西丽学苑大道1133号14F,,113.9893585,22.59461555,POINT (113.9893584549278 22.594615549308394)
B2094551D76BA4FA4193,圣丰城酒家,114.13189,22.59147,翔鸽路2号万象汇4楼L440,,114.1268119,22.59416937,POINT (114.12681192401269 22.594169368244216)
B209445DD765A2FE4493,深圳大鹏古城肥妈客栈,114.513527,22.594086,深圳龙岗区大鹏古城南门赖府园五巷一号,,114.5088662,22.59698502,POINT (114.50886615822832 22.596985016440104)
B209445DD465A7FF4992,深圳大鹏所城水云间青年旅舍,114.51349,22.594121,深圳龙岗区大鹏新区西门新街15号,,114.508829,22.5970199,POINT (114.50882902770724 22.597019902840785)
B209445DD66EA4FC479B,老板很忙(大鹏所城),114.514458,22.595247,大鹏街道南门东路19号,,114.5098003,22.59814859,POINT (114.50980030896022 22.59814859416162)
B209445DD56EA7FC479C,深圳潮庭大院客栈(大鹏所城南门东路店),114.514365,22.59563,深圳大鹏新区大鹏所城南门东路31号,,114.509707,22.59853127,POINT (114.50970696365873 22.59853126925684)
B209445DDB6AA6F9459A,深圳gala空间海滨客栈(官湖村店),114.4253,22.6033,官湖村湖龙7巷1号,,114.4203773,22.6059845,POINT (114.42037725748762 22.605984496231727)
B2094653D26EA7FB479E,天长地久婚纱摄影(梦幻影城店),114.11307,22.57031,罗湖区宝岗路269号东座(近麦德龙),,114.1079604,22.57299362,POINT (114.10796036424007 22.57299362182957)
B209445CD06DA3FA4992,如意好粥道潮汕砂锅粥大排档,114.10327,22.57378,金湖路8-15,,114.0981486,22.57645907,POINT (114.09814864113743 22.57645906737162)
B209445CD06DA1FE479B,潮汕砂锅粥大排档(宝丽路店),114.11288,22.5959,广东省深圳市龙岗区布吉街道宝丽路粤宝市场,,114.1077684,22.59858043,POINT (114.10776843343028 22.598580428655737)
B2094757DA6CA5FB479E,圣丰城酒家(东晓路店),114.13817,22.583384,罗湖区东晓路北青橙时代公寓1楼(近东湖路),,114.1331061,22.58609298,POINT (114.1331061130987 22.58609298467638)
B2094250D66BABFB499B,深圳市粤港汽车驾驶员培训有限公司百鸽笼地铁口训练场,114.13021,22.59464,布吉街道翔鸽路,,114.1251283,22.59733684,POINT (114.12512826510954 22.597336837791897)
B2094554D06FA1F5479C,多多牛潮汕牛肉火锅餐厅(百鸽笼店),114.12347,22.59779,布吉百鸽路满庭芳花园一楼139号(新一佳对面),,114.1183752,22.60047884,POINT (114.1183751593107 22.600478840905694)
B2094554D46EA4F94198,正新鸡排(文博宫店),114.10369,22.60592,龙岗布吉街道西环路文博宫北门,,114.0985669,22.60859503,POINT (114.09856694815039 22.608595027959296)
B2094557D568A3F9499A,春江游乐求水山景区游乐场,114.149849,22.605518,南岭村求水山公园内(近求水山酒店),,114.1448118,22.60824254,POINT (114.14481177350658 22.608242540776587)
B2094652DB6BABFA419B,南岭村第一幼儿园,114.147166,22.609919,健民路20号,,114.1421218,22.61263837,POINT (114.14212177137577 22.612638367423955)
B209445DD46BAAF4449F,维尼斯酒店,114.1106011,22.6164223,吉华路258号澎渤商业大厦1楼(近下水径公交站、地铁站),,114.1054852,22.61909836,POINT (114.10548516493587 22.619098359388218)
B2094554D06AA1F44293,波记潮汕砂锅粥大排档,114.03502,22.62303,民治塘水围宝山工业区八栋104号铺(皓源酒店旁边),,114.0299377,22.62578734,POINT (114.02993765232968 22.625787336056785)
B2094253D664A1FC4199,嘻螺记柳州螺蛳粉(龙光玖钻北区店),114.0214288,22.6237374,民治街道红山社区龙光玖钻北甲期A座二单元1A47,,114.016376,22.62653134,POINT (114.01637601950732 22.626531340067825)
B209445DD069AAF8489D,潮汕明兴砂锅粥冰鲜海鲜大排档,114.03394,22.62989,民安路64,,114.0288594,22.6326489,POINT (114.02885938642132 22.63264889810596)
B209445DD469AAFE429A,深圳世界之窗大学生求职公寓旅馆,114.010062,22.636659,白石洲下白石一坊36号,,114.0050359,22.63948389,POINT (114.00503588807078 22.639483889911727)
B209425CD26CA4F9459C,星高度云里梦想乐园-入口,114.06957,22.630566,发达路与坂雪岗大道交叉口西北方向20米,,114.0644397,22.63325454,POINT (114.06443965596492 22.63325454000959)
B209445DD16FAAFB4099,客道宴(甘坑客家小镇店),114.10483,22.656166,布吉街道甘坑客家小镇七都一一六70号,,114.0997048,22.65883231,POINT (114.0997048035509 22.658832305399482)
B2094552D26FAAFE4592,海上田园利百尼,114.0763108,22.71581109,沙井街道民主大道,,114.0711715,22.71847257,POINT (114.07117153612758 22.718472573497593)
B2094750D764A7FB429F,太清凉茶甜品店(龙华地铁中心店),114.021186,22.651564,宝安区龙华街道和平路青年城邦园1栋144号,,114.016132,22.65435341,POINT (114.01613198284095 22.65435341057801)
B2094557D26EA6FD409B,潮汕砂锅粥大排档(大浪南路店),114.0172,22.66965,大浪南路茶缘茗茶旁,,114.0121543,22.67244701,POINT (114.01215426155244 22.672447010962827)
B2094653D26AA3F9499E,光明黎姨乳鸽(光明客运站店),113.94108,22.75664,光明客运站旁,,113.9361923,22.75961676,POINT (113.93619234927024 22.759616758122725)
8008644030600000016,松岗,113.8462375,22.77225076,"位于：中国,广东省,深圳市,宝安区",,113.8412579,22.77519981,POINT (113.84125794789253 22.775199810769518)
