poiid,reason
B2094354D469A5FA459C,连续错误过多
B2094357DA6BABFF4993,连续错误过多
B2094355D76EA7F4409C,连续错误过多
B2094253D069A3FB4698,连续错误过多
B2094352D269A0F5419A,连续错误过多
B2094252DA6AA4F44099,连续错误过多
B2094252D765A1FB459E,连续错误过多
B209425DD06CA0F44693,连续错误过多
B2094253D668A2FC459A,连续错误过多
B2094253DB68A6F9479E,连续错误过多
B209425CD16AA5FA4599,连续错误过多
B209425DD16EABF9489E,连续错误过多
B2094653D268A6F8449B,连续错误过多
B2094653D268AAFC459E,连续错误过多
B2094252D46CA5F94698,连续错误过多
B2094254D16DA3FE4799,连续错误过多
B2094252D36BA2FE4492,连续错误过多
B2094250DA6CA5FF4698,连续错误过多
B2094354D468ABFE4892,连续错误过多
B209445CD369A4F54393,连续错误过多
B2094753D46AA1F54198,连续错误过多
B2094355D36AA5FA429B,连续错误过多
B2094253D665A4F5449B,连续错误过多
B2094354D16FABF94393,连续错误过多
B2094354D76EA1FB409C,连续错误过多
B2094355D46FA7FE4399,连续错误过多
B2094355D66AA3FA479B,连续错误过多
B2094354D06EA3FC469A,连续错误过多
B2094356D36DA6FB4799,连续错误过多
B2094355D46BA3FA4592,连续错误过多
B2094250D26AA4FC4092,连续错误过多
B2094354D068A1F4489E,连续错误过多
B2094354D36BA7FE4898,连续错误过多
B2094354D66AA4FB4292,连续错误过多
B2094354DB69A7F9479B,连续错误过多
B2094253D66CA5FA4593,连续错误过多
B209445CD06CABF4419A,连续错误过多
B209445DD66EA4FE4093,连续错误过多
B209445CD369A7F9489D,连续错误过多
B2094354D164A2F9469D,连续错误过多
B2094357D06AABF94199,连续错误过多
B2094354DA6DAAFE4699,连续错误过多
B2094354D26AA0FA4499,连续错误过多
B2094354D368A0FC4793,连续错误过多
B209425DDB6AA4F8499A,连续错误过多
B2094354D364AAFE409D,连续错误过多
B2094252D764A5FB429F,连续错误过多
B2094352DA6EABFF4698,连续错误过多
B2094252D269A3FB469F,连续错误过多
B2094653D26EA2FE4392,连续错误过多
B2094351D46FA5FF459D,连续错误过多
B2094355DA6DA0FD409C,连续错误过多
B2094252D26EA1FB4593,连续错误过多
B2094257D26EA3F8409E,连续错误过多
B209425CD36DABFC439B,连续错误过多
B2094252D264AAFC4993,连续错误过多
B2094750D16AA1FC409B,连续错误过多
B2094757DA6AA1FB4398,连续错误过多
B209445CD364A3FD4393,连续错误过多
B2094355D26AA4F94693,连续错误过多
B2094354D76FA4FC489E,连续错误过多
B2094251D66BA1F9429B,连续错误过多
B2094354DA6EA2F84993,连续错误过多
B2094253D268A2FA4192,连续错误过多
B2094351D268A4FA489B,连续错误过多
B2094554D06AA1FB409D,连续错误过多
B209425CD16AAAFB469C,连续错误过多
B2094252D76AA7F84999,连续错误过多
B2094257D46DA5F9419E,连续错误过多
B2094354DA69A3FC499A,连续错误过多
B2094550DB6CA1FE4398,连续错误过多
B2094251D569A2FA489A,连续错误过多
B2094356D06BA4F84298,连续错误过多
B2094354D169A1FF4893,连续错误过多
B2094354DA6CA1FC4492,连续错误过多
B2094350D468ABFA459C,连续错误过多
B2094252D56FA5F8449C,连续错误过多
B2094356D76BA4F84993,连续错误过多
B2094251D06BA1FB4292,连续错误过多
B2094252D36DA5FB4693,连续错误过多
B2094354D169A3FD449C,连续错误过多
B2094257D268A6F4409C,连续错误过多
B2094757D16EABFD489A,连续错误过多
B2094355DB6EA0FF419D,连续错误过多
B2094356DA6CA3FE4698,连续错误过多
B2094351DB6CA1F8489C,连续错误过多
B209425DD46CA7FA419C,连续错误过多
B2094757D76BABF9499B,连续错误过多
B2094252D469A1FB489E,连续错误过多
B2094350D069A6F4419B,连续错误过多
B2094354D66BA4F8409E,连续错误过多
B209425CD76AAAFE469F,连续错误过多
B2094352DB68A3FE4393,连续错误过多
B2094351DB65A3F44193,连续错误过多
B2094357D068A0F5489C,连续错误过多
B209445CD36BA0FC439B,连续错误过多
B2094352D26DA0FF479D,连续错误过多
B2094351D064A6FD479E,连续错误过多
B209445DD26FAAF8469D,连续错误过多
B209445DD264ABFB439B,连续错误过多
B2094251D26CA7F54498,连续错误过多
B2094757D66CABFC4393,连续错误过多
B2094757D168A5FA499F,连续错误过多
B2094357D564A1FB409E,连续错误过多
B2094556D26DA2FD449D,连续错误过多
B209425DD564A0F5449F,连续错误过多
B2094253D169A5FC449E,连续错误过多
B2094352D164A6F94598,连续错误过多
B209425CD76AA6FA4299,连续错误过多
B2094253D76EABFF4999,连续错误过多
B2094351D468AAF4479C,连续错误过多
B2094252D46DA7F54998,连续错误过多
B2094253D16FA6F44099,连续错误过多
B2094653D26DA5F9479E,连续错误过多
B2094354D66EA5FD4199,连续错误过多
B2094354D46BABFF479D,连续错误过多
B2094357D365A5FC499B,连续错误过多
B2094355D26DA2FB4493,连续错误过多
B2094253D66AA5FD499F,连续错误过多
B2094355DA6DABFD4392,连续错误过多
B209475CDB6EA0F8499A,连续错误过多
B2094350D66BAAFF479D,连续错误过多
B209425CD264A3F84499,连续错误过多
B2094757D064A7F5439A,连续错误过多
B2094253D669A4FC469F,连续错误过多
B2094354D46FA0FB4799,连续错误过多
B2094252DA6DA7FC459B,连续错误过多
B2094751D36DA7FA489D,连续错误过多
B2094251D66AA7FA459B,连续错误过多
B2094257DA6AABFF4692,连续错误过多
B2094653D269A4F44192,连续错误过多
B2094355D465A3F9499A,连续错误过多
B2094652DB6BA6F9429A,连续错误过多
B209425DD665A2FE489F,连续错误过多
B2094253D46DA2FA4693,连续错误过多
B2094356D66EA1F44292,连续错误过多
B2094251D769A0FF449B,连续错误过多
B2094253D26BA5FB489D,连续错误过多
B2094351D16DABFD4599,连续错误过多
B2094356D26BA7FD419B,连续错误过多
B209425CD365A6F54792,连续错误过多
B209425DD76DA0FA469C,连续错误过多
B2094252DB65A4FE489E,连续错误过多
B2094352D065A1FE489B,连续错误过多
B2094251DB6BAAF4419D,连续错误过多
B209425CDA6AA7FD4998,连续错误过多
B2094251D464A3F84099,连续错误过多
B2094253D268A1F9429D,连续错误过多
B2094254D56AA5FB429B,连续错误过多
B2094355DB6BA2FD419F,连续错误过多
B209445CD364A5FD419E,连续错误过多
B209445DD168A0FF409B,连续错误过多
B2094351D66AABFC409D,连续错误过多
B2094253DB6FA5F8449C,连续错误过多
B2094251D16EA7FB469A,连续错误过多
B209445CD36BABFA489A,连续错误过多
B209425CD364A0FA429F,连续错误过多
B2094750D36BABFF479B,连续错误过多
B2094354DB6CA4F44592,连续错误过多
B2094357D468ABFF4599,连续错误过多
B209425DD568AAFA449C,连续错误过多
B209425CDB6EA2FB479C,连续错误过多
B2094653D269A4FE499D,连续错误过多
B2094653D26AA3F94098,连续错误过多
B209425DD265A2F94499,连续错误过多
B209425CDA69A6F94093,连续错误过多
B2094357DB6FA4F9479C,连续错误过多
B2094354D56CA2F54392,连续错误过多
B2094757D76BA3F5449C,连续错误过多
B2094554D469A6F9439C,连续错误过多
B2094357D26AA4F4459F,连续错误过多
B2094354D664A0F54698,连续错误过多
B2094355D069A5F54599,连续错误过多
B2094253D76EA2FD469E,连续错误过多
B2094356D46FA6FB419F,连续错误过多
B2094252D46FA1FD479B,连续错误过多
B2094253D16EA3F94398,连续错误过多
B2094253D76EA5FB4392,连续错误过多
B2094253D46BA6F94698,连续错误过多
B2094354DA68A3F8439B,连续错误过多
B209425DD364AAFE4293,连续错误过多
B209425CDA6FA0FB489F,连续错误过多
B2094352D768AAFB4192,连续错误过多
B2094257D069ABF8439A,连续错误过多
B2094253D664A1FB4893,连续错误过多
B2094351D46DA6FB4598,连续错误过多
B209425DD46DA5FF449F,连续错误过多
B209425CDB6EA2FA489F,连续错误过多
B2094253D06FA4FD4499,连续错误过多
B2094257DA64A5FB499D,连续错误过多
B2094251D168ABF54092,连续错误过多
B2094554D06FA2F4409D,连续错误过多
B209425DD165A3FA469E,连续错误过多
B2094257DB65A4FD429D,连续错误过多
B2094256DB6FA7FA4493,连续错误过多
B2094253D16EABFC4693,连续错误过多
B209425CDB64A7FC419A,连续错误过多
B209425DD76DA4FB4198,连续错误过多
B2094354D664A6FE4892,连续错误过多
B2094253DB6AA3F4449F,连续错误过多
B2094350D06EA7FD489E,连续错误过多
B2094354D068A6F4449F,连续错误过多
B2094357D26EAAF4489B,连续错误过多
B2094350D169A7F94093,连续错误过多
B2094555DB6DA7F5489B,连续错误过多
B209425DD36AA7F4499B,连续错误过多
B2094256DB6DA0F8469D,连续错误过多
B209425CD569A5FC4793,连续错误过多
B209425DD26FA3F8449B,连续错误过多
B209425DDA68A2FA4692,连续错误过多
B2094350D76DABFC489F,连续错误过多
B2094752DB6BA2FE439F,连续错误过多
B2094251D06BA0FB449B,连续错误过多
B2094250D364A1FC459A,连续错误过多
B2094250D26EA2F9469A,连续错误过多
B2094252D56AA5F84999,连续错误过多
B2094351D76AA0FE4692,连续错误过多
B209445CD06DA0F9459F,连续错误过多
B2094251D26CA5F54699,连续错误过多
B209425DD06FA7FF459B,连续错误过多
B2094357D46DA2FE479F,连续错误过多
B2094350D66FA4F5409C,连续错误过多
B2094354D06CA5F44098,连续错误过多
B2094251D568A6FC4492,连续错误过多
B2094354D66EA0FC4399,连续错误过多
B2094354D768A7FA429E,连续错误过多
B209425CDA69A5FF439A,连续错误过多
B2094350D16DA1FB459F,连续错误过多
B2094253D06EA4FC409F,连续错误过多
B2094253D26CA6F84192,连续错误过多
B2094354D26BA5FB409B,连续错误过多
B2094354D46CA1FB4599,连续错误过多
B2094257D269A2FE489C,连续错误过多
B209425DD669A7FA499A,连续错误过多
B209425CDA6CAAF5499C,连续错误过多
B209445CD36AA1F5469F,连续错误过多
B209445CDB6DA2FD419F,连续错误过多
B2094356DB6AA4FE499E,连续错误过多
B209425CDA6BA2F9459B,连续错误过多
B2094252D269A3FC469B,连续错误过多
B2094253D26FA3FB479D,连续错误过多
B2094357D765A6FB409D,连续错误过多
B2094251D369A1F44898,连续错误过多
B2094251DA6BA5F94498,连续错误过多
B209425CD76EA1FD4798,连续错误过多
B209425CD664A3FC4399,连续错误过多
B2094252D46DA2FE4698,连续错误过多
B209425DD765ABFE4992,连续错误过多
B2094354D16FA2FC4993,连续错误过多
B209425DD36EA3FA489B,连续错误过多
B2094354D46CABF84599,连续错误过多
B2094250D36FA0F8489F,连续错误过多
B2094252D165AAF84598,连续错误过多
B2094252D16AA6FE4499,连续错误过多
B2094557D669A7FD429E,连续错误过多
B209425DDA6AA7F44192,连续错误过多
B2094557D569A5FC429E,连续错误过多
B2094253D664A3FB449F,连续错误过多
B2094255D56EA7FD459B,连续错误过多
B209425DD464AAF5429E,连续错误过多
B2094255D56EA3FD439F,连续错误过多
B2094551D069A6FB429E,连续错误过多
B209475CD365A0F9499D,连续错误过多
B2094351D264A6FE419A,连续错误过多
B2094252D56CABFF4693,连续错误过多
B2094757D66DAAFC4393,连续错误过多
B2094357D66CA7F54599,连续错误过多
B2094355DA69A4F9419E,连续错误过多
B2094253D66CA2F4449D,连续错误过多
B2094357D76BA0FE489D,连续错误过多
B2094257D56EA2FC439F,连续错误过多
B209425CD66CA1FD429E,连续错误过多
B2094252D56EAAF9439D,连续错误过多
B2094252DB6DA6FC4099,连续错误过多
B2094256D465A7FF439D,连续错误过多
B2094256DA6FA2F4409D,连续错误过多
B2094357D56FA4FF489B,连续错误过多
B2094252D564A6F84292,连续错误过多
B2094555D06FABFA4899,连续错误过多
B209445CD369AAFC409C,连续错误过多
B2094356DB6CABFE4799,连续错误过多
B2094252D265A3F5429F,连续错误过多
B2094252D36FA2FB4499,连续错误过多
B2094253D16AA6FF4593,连续错误过多
B2094253D468A0F5449F,连续错误过多
B2094356D26BA2FB4592,连续错误过多
B2094251DB65A6F54993,连续错误过多
B2094753DB6FA0FB4392,连续错误过多
B2094653D268A7FD409C,连续错误过多
B2094253D269A4FD4399,连续错误过多
B2094653D26DABFE4598,连续错误过多
B2094253D06DA5F8439B,连续错误过多
B2094252D768A3F84192,连续错误过多
B209425DD464A3FB409C,连续错误过多
B2094251D06EA4FB499D,连续错误过多
B2094251D46BABF84798,连续错误过多
B2094653D26DAAF9469D,连续错误过多
B2094757D16EA2FB4399,连续错误过多
B209445CD369AAFF4298,连续错误过多
B2094252D26DA7F9459A,连续错误过多
B2094252D26CA0F94292,连续错误过多
B2094257D76DAAFD4398,连续错误过多
B2094351D264A4FB419A,连续错误过多
B2094257D46BA2F9489F,连续错误过多
B2094652DB68A1FA449F,连续错误过多
B2094357D564A0F8429D,连续错误过多
B2094554D46EA0FC479B,连续错误过多
B2094354DB6EAAF54393,连续错误过多
B2094653D26BA3FA4798,连续错误过多
B2094252DB6EAAF9419D,连续错误过多
B209425DD46BABFA479B,连续错误过多
B2094253D06DA5FE4898,连续错误过多
B2094350DB6FABFA419D,连续错误过多
