lon_wgs84,lat_wgs84,checkin_count
113.8321942,22.58932548,577
113.8335801,22.59331685,580
113.8271205,22.59794317,22
113.825903,22.60080548,580
113.8370532,22.60180107,569
113.9161046,22.48749882,299
113.9161717,22.48754137,587
113.9196395,22.48820262,129
113.9256909,22.48828668,585
113.9230424,22.48876862,31
113.9231128,22.48886704,582
113.9219012,22.48910222,578
113.9219133,22.48916251,0
113.9265934,22.48931051,178
113.9262876,22.48936091,226
113.9072131,22.48907276,586
113.9092935,22.48931172,584
113.9103888,22.4901473,587
113.9112227,22.49031719,580
113.911199,22.4903402,579
113.9141504,22.49042153,585
113.9114759,22.49044042,589
113.9107835,22.49044986,127
113.9136234,22.49063393,583
113.8997981,22.49083991,94
113.9263085,22.48955589,0
113.9246954,22.48956174,167
113.9210415,22.48964217,588
113.9165854,22.48983833,586
113.9234926,22.4899217,149
113.9213851,22.4900275,583
113.9253391,22.49004714,0
113.9228336,22.49029717,590
113.9250017,22.49036953,587
113.9211644,22.49051604,590
113.9221079,22.490707,60
113.9236451,22.49080322,216
113.9234912,22.49083111,578
113.9234092,22.4909494,101
113.9246295,22.49104803,0
113.9243497,22.49110837,0
113.9302703,22.49116138,251
113.9148201,22.49130391,586
113.9155581,22.49132641,11
113.9232298,22.49132792,585
113.91488,22.49132796,133
113.923247,22.4913367,589
113.9236041,22.49158328,439
113.9215371,22.49182844,494
113.9219649,22.49184917,120
113.9298772,22.49299546,590
113.9202773,22.49303999,586
113.9194043,22.49344387,590
113.9193518,22.49351124,119
113.922832,22.49383319,588
113.899684,22.49095792,138
113.9125413,22.49315672,585
113.9136245,22.49455294,588
113.9135943,22.49487367,580
113.9140644,22.49560451,585
113.9006077,22.4971497,31
113.9017382,22.49817229,120
113.9017316,22.49821259,497
113.8972853,22.49830158,584
113.893117,22.49892625,584
113.9225365,22.49393943,587
113.9220624,22.49482526,587
113.9222136,22.49482979,588
113.9210211,22.49651321,582
113.9303968,22.4976452,586
113.927419,22.5015534,1
113.9162223,22.50254682,0
113.9176832,22.50291221,116
113.9182227,22.50393139,586
113.9164642,22.50503968,585
113.8704402,22.48945852,590
113.8798654,22.49326886,586
113.8800112,22.49968595,589
113.8734503,22.5028304,585
113.8677783,22.50358758,589
113.8841246,22.50465147,583
113.8717154,22.50609777,31
113.8816601,22.51259467,50
113.880946,22.5127483,591
113.8649609,22.51821094,436
113.9129841,22.50021769,21
113.9041727,22.50115533,579
113.9144438,22.50232538,587
113.8956515,22.50237901,109
113.9064131,22.50249,93
113.9106696,22.50484988,587
113.8912706,22.50500651,589
113.8912647,22.5050073,589
113.9077466,22.50615935,581
113.900769,22.50967323,389
113.9188138,22.5051199,590
113.9163381,22.50548968,588
113.9197159,22.50880094,589
113.9144889,22.51240258,588
113.9275168,22.51340432,586
113.9238319,22.51412686,1
113.929934,22.51415763,0
113.9206458,22.51469724,587
113.9190831,22.51490774,588
113.9197823,22.51512013,586
113.9186593,22.52408805,141
113.9187702,22.52410394,590
113.9238905,22.52465404,586
113.9184645,22.52492961,175
113.9227456,22.52502118,587
113.9227461,22.52502768,579
113.918831,22.52701577,579
113.917862,22.52776666,122
113.9176696,22.52781254,583
113.9177673,22.52782595,588
113.9095293,22.5249455,0
113.9124862,22.52684508,586
113.8958446,22.52986264,589
113.9137639,22.5301768,587
113.9137929,22.53022798,80
113.9136577,22.53083915,588
113.8922579,22.53090633,579
113.9115222,22.53109543,587
113.9108209,22.53148995,1
113.9072441,22.53150587,580
113.9214239,22.52805403,585
113.9180602,22.52824845,589
113.9180387,22.52828317,139
113.9180342,22.52856206,583
113.9162206,22.52877609,0
113.923339,22.52877763,580
113.9225743,22.5291027,151
113.922576,22.5291078,584
113.9225659,22.52912323,584
113.9228145,22.52916902,584
113.9250642,22.5293589,581
113.918528,22.52938895,169
113.9189658,22.52976261,588
113.9189361,22.52978954,588
113.9190158,22.53015644,579
113.9184999,22.53050393,583
113.9180283,22.53060627,590
113.9160599,22.53068054,586
113.9186578,22.53076976,1
113.9152254,22.53078313,591
113.9183762,22.53085873,581
113.9191497,22.53086028,581
113.9150897,22.53089194,582
113.9185123,22.5308929,21
113.918961,22.53099926,21
113.9187898,22.53110062,140
113.9191919,22.53115672,587
113.9183491,22.53127634,88
113.9192986,22.53132431,587
113.9193396,22.53132606,587
113.9193396,22.53132606,238
113.9288192,22.53170798,588
113.9156828,22.53218958,583
113.9157434,22.53341087,179
113.915804,22.53349402,241
113.918019,22.53365063,1085
113.9282259,22.5339261,585
113.9245668,22.53425808,0
113.9245648,22.53425808,584
113.9246848,22.53435693,586
113.8911658,22.53191743,584
113.8941289,22.53233247,234
113.8943034,22.53267678,591
113.909948,22.53346138,577
113.8933667,22.53389078,581
113.9100051,22.53390452,586
113.8934788,22.5339908,39
113.8946396,22.53401565,583
113.8955288,22.53404137,582
113.8942833,22.5341177,12
113.8872298,22.52850527,31
113.8876653,22.52888543,49
113.8864838,22.52894983,577
113.8872483,22.52911725,576
113.8852754,22.52996131,91
113.8853024,22.53003332,293
113.8853024,22.53003332,97
113.8864858,22.53042586,582
113.887279,22.53661979,97
113.8617491,22.53965988,546
113.8937075,22.53412962,588
113.8946697,22.53418064,579
113.892108,22.53419264,590
113.8944616,22.53422562,587
113.8919175,22.53426109,1
113.8944377,22.53427631,576
113.8943185,22.53446689,49
113.8956562,22.5346107,588
113.9138106,22.53502772,0
113.9019684,22.53539345,590
113.9259719,22.53441909,142
113.9163581,22.53457199,575
113.9163302,22.53459371,10
113.916998,22.53574606,585
113.9165943,22.53592543,584
113.9159502,22.53593596,583
113.9159852,22.53596793,179
113.9199187,22.53668046,257
113.9178797,22.53675419,579
113.9175128,22.53704052,96
113.9475613,22.5322479,581
113.945726,22.53473066,278
113.9468177,22.53745591,583
113.9483443,22.53885035,582
113.939762,22.53955617,585
113.9468876,22.54081247,583
113.9321524,22.54151308,584
113.9400116,22.54194556,582
113.9442456,22.54306422,0
113.931188,22.54338444,574
113.9129145,22.53575574,586
113.8919111,22.53686015,589
113.8987341,22.53800669,587
113.9123676,22.53915203,587
113.9128184,22.5394412,587
113.9127494,22.53947325,587
113.9122918,22.53963126,587
113.893065,22.54038837,397
113.9103835,22.54130468,587
113.9104334,22.54136544,582
113.9179279,22.53706643,588
113.9175987,22.53795939,973
113.9190263,22.53806702,308
113.9151618,22.53830188,585
113.9189783,22.53835105,585
113.914986,22.53838772,574
113.9180305,22.53958789,179
113.9192679,22.54220553,83
113.9201475,22.54317357,585
113.9160051,22.54372225,574
113.8617505,22.53966708,584
113.8873455,22.54069036,579
113.8829405,22.54412625,221
113.8830502,22.54418181,25
113.8830477,22.54418231,192
113.8830707,22.54427432,582
113.8739155,22.54427916,161
113.8830005,22.5453982,583
113.8827375,22.54544774,35
113.8838409,22.54561197,92
113.9150919,22.5438822,103
113.9156847,22.54483665,576
113.9157686,22.54485227,584
113.9155644,22.54532511,586
113.9152755,22.54575782,579
113.9146428,22.54579843,11
113.9158769,22.54593596,585
113.9154697,22.54594875,11
113.9160746,22.54600024,6
113.9165685,22.54606381,2
113.88262,22.54562096,60
113.8832674,22.54565834,100
113.8821514,22.54568967,577
113.8819541,22.54576554,109
113.8824798,22.54589486,584
113.8828052,22.54590105,532
113.8813733,22.54601055,580
113.8813983,22.54602617,21
113.8840428,22.54603775,187
113.8812715,22.54607078,589
113.9137897,22.54467106,585
113.8939104,22.5465291,11
113.905362,22.54685875,582
113.9074879,22.54715394,584
113.9089698,22.54729008,0
113.9081296,22.54737951,582
113.9073995,22.54738386,578
113.895268,22.54754748,580
113.9070104,22.547867,28
113.9070178,22.5478709,128
113.8813032,22.5460981,588
113.8828763,22.54618908,276
113.8817682,22.54619199,50
113.8812481,22.54624805,583
113.8826977,22.54626731,627
113.8811113,22.54645795,575
113.8836793,22.54645852,1
113.8790348,22.54657048,235
113.8747681,22.54664898,244
113.8814522,22.54674545,581
113.9156946,22.54614355,587
113.9159962,22.54644467,80
113.9154177,22.54653075,58
113.918282,22.54653621,140
113.9177291,22.54659371,589
113.9171473,22.54662825,586
113.9168544,22.54675351,576
113.9156182,22.54684887,585
113.9154288,22.5471093,67
113.9182814,22.54712217,585
113.8787444,22.54693024,142
113.880941,22.54749076,44
113.8788679,22.54753839,588
113.8788715,22.54762629,977
113.8783818,22.5479199,167
113.8767903,22.54851459,1
113.8762804,22.54877715,587
113.8761868,22.54937172,588
113.8877946,22.54940408,587
113.8793291,22.55024844,587
113.8670153,22.5720292,585
113.8669294,22.57216569,587
113.8670609,22.57225523,588
113.8669842,22.57233414,578
113.8470465,22.57240678,21
113.8658947,22.57244764,578
113.8463635,22.57252043,131
113.8670846,22.57274022,589
113.8694411,22.57278245,583
113.8782658,22.57305763,582
113.8554902,22.57311636,587
113.8677516,22.57320133,590
113.8675004,22.57339032,586
113.8677238,22.57342847,11
113.8676637,22.57354059,584
113.8478213,22.57354645,586
113.8681709,22.57355957,588
113.863313,22.57359213,587
113.8677114,22.57408449,590
113.8687517,22.57423854,577
113.8543034,22.57435015,583
113.8683029,22.57442602,582
113.8683731,22.57452119,582
113.8681646,22.57452886,569
113.8635579,22.57453284,586
113.8725516,22.57478845,585
113.8557234,22.575015,579
113.85944,22.57596623,586
113.8726877,22.57600135,590
113.8681544,22.57621727,585
113.8692577,22.57646686,587
113.8689716,22.57712668,53
113.8595749,22.57757774,587
113.8594454,22.57766585,588
113.8597786,22.57782639,587
113.8744103,22.57809715,589
113.8762235,22.57840441,590
113.8485915,22.578438,587
113.8689799,22.57857333,587
113.8743995,22.57862178,213
113.838709,22.60193503,585
113.843537,22.60195414,587
113.812856,22.60221177,68
113.8350453,22.60384911,0
113.8414016,22.60707608,317
113.8328591,22.60896434,102
113.842083,22.61214452,0
113.8445915,22.620149,582
113.8450159,22.62023831,580
113.8043821,22.63241365,95
113.8306116,22.63281916,584
113.8059059,22.63295225,580
113.8306844,22.63337869,581
113.8052838,22.63339424,582
113.8316209,22.63449234,581
113.8138042,22.6353252,575
113.828987,22.6362226,0
113.8008349,22.64362145,581
113.8220366,22.65119633,586
113.8141004,22.66345518,581
113.8581799,22.63927267,0
113.8619317,22.64410688,577
113.8620528,22.64448577,1
113.8458899,22.6459578,575
113.8542223,22.6494649,132
113.8510086,22.65273826,342
113.8457783,22.6758397,108
113.8457783,22.6758397,99
113.8518429,22.67869395,230
113.8488938,22.67909113,531
113.8057635,22.66542358,582
113.8048251,22.66587082,212
113.8134517,22.66608621,581
113.8035054,22.66627902,580
113.8376974,22.6684513,583
113.8142212,22.67164712,580
113.8155845,22.67256525,171
113.8058321,22.67339134,589
113.8084124,22.67627891,187
113.8080867,22.67845186,31
113.8794074,22.55073606,342
113.8789745,22.55098212,588
113.8837539,22.55132851,578
113.8777586,22.5522571,13
113.8827898,22.55296353,590
113.8828767,22.55305538,590
113.8845915,22.55314403,61
113.8827393,22.55324998,175
113.8826933,22.55331375,21
113.8809883,22.55354315,1
113.882231,22.55376713,100
113.8828136,22.55389017,11
113.8810088,22.55391703,17
113.8811038,22.55405439,588
113.8822816,22.5545537,51
113.8843046,22.55507722,578
113.8835456,22.5551313,586
113.8836495,22.55526245,586
113.8828626,22.55531829,291
113.8828833,22.5553627,39
113.8835454,22.55536328,1
113.8835439,22.55536368,586
113.8827916,22.55541034,591
113.8835736,22.55551479,12
113.8821323,22.55556273,569
113.8823807,22.55561458,590
113.8833367,22.55564444,588
113.8824361,22.55566811,581
113.8828176,22.55569433,585
113.8822926,22.55573941,591
113.9072915,22.55709497,579
113.8917113,22.55976018,89
113.8933555,22.55991778,34
113.8923221,22.56028577,1
113.904549,22.56112701,584
113.9026891,22.56165641,588
113.8916494,22.56196647,1
113.8909957,22.56224829,582
113.8906393,22.56242118,583
113.9017533,22.56267064,580
113.8823055,22.55577232,583
113.8816623,22.55582941,587
113.8823486,22.55583314,37
113.882307,22.55590031,68
113.8825027,22.55609541,548
113.8820485,22.55629682,588
113.8824418,22.55692421,579
113.8859754,22.55981067,587
113.8604361,22.56300527,580
113.8727935,22.56679048,199
113.9416698,22.55083679,474
113.9417872,22.55104855,582
113.941722,22.55111557,581
113.9375944,22.55142343,110
113.9429714,22.55354743,107
113.9429468,22.55362607,132
113.9314199,22.56027581,584
113.9460898,22.57533065,73
113.9373038,22.57569362,9
113.9407037,22.57584637,137
113.8945192,22.56273709,586
113.8910217,22.56294023,590
113.902863,22.56362319,580
113.9012357,22.56362405,544
113.8986107,22.56372888,291
113.9030641,22.56377313,31
113.898334,22.56415012,250
113.8979022,22.56420148,11
113.8978932,22.56477882,301
113.9049688,22.5654569,428
113.9155906,22.54713357,581
113.9152996,22.54766277,417
113.9151169,22.54782291,1
113.9232496,22.54942171,130
113.9231767,22.54953779,589
113.9198462,22.55088925,581
113.9244977,22.55180974,580
113.9178043,22.58522312,11
113.9176662,22.58592276,409
113.9179898,22.58623098,589
113.9040928,22.5661628,587
113.8992292,22.567215,160
113.8992769,22.5672415,166
113.8898422,22.56733399,589
113.8892096,22.56800932,77
113.9034209,22.56822661,578
113.8983632,22.56831467,578
113.9015761,22.56873101,0
113.9123835,22.56927215,0
113.9029109,22.56946623,209
113.8750132,22.56697053,221
113.8890274,22.56730423,550
113.8748219,22.56774028,41
113.8755837,22.56873996,192
113.8543056,22.56907599,0
113.8541853,22.5691458,0
113.8630097,22.56965814,588
113.8628674,22.56970395,138
113.8665849,22.57052495,573
113.8652992,22.5716878,281
113.9011858,22.56976098,0
113.9033342,22.56990637,586
113.9006921,22.57008004,584
113.9002941,22.57043506,578
113.9042289,22.57072742,586
113.9085742,22.57077729,506
113.8974599,22.57167827,587
113.8976489,22.57178625,219
113.8973984,22.57192494,587
113.8988644,22.57194407,589
113.8987619,22.57207606,329
113.8975385,22.57217612,170
113.897536,22.57217922,589
113.8986695,22.57218236,588
113.8978732,22.5722195,360
113.8975091,22.57223001,428
113.8964681,22.572338,586
113.8977627,22.57248028,583
113.8977772,22.57290613,585
113.8924734,22.57379451,587
113.8918354,22.57387786,581
113.9011155,22.57438262,48
113.9050333,22.57651074,517
113.893117,22.57863201,39
113.9045931,22.5792107,498
113.9036953,22.58013928,584
113.8980665,22.58073648,310
113.9023949,22.58075616,580
113.892378,22.58144165,589
113.9017353,22.58225354,590
113.8665531,22.58032237,588
113.8596162,22.58061926,389
113.8812108,22.580764,42
113.8585514,22.58160616,21
113.8553636,22.5817349,398
113.857841,22.58400271,587
113.8577916,22.5840585,166
113.8809362,22.58444329,521
113.8772186,22.58496748,490
113.8805777,22.58498238,218
113.941162,22.58477579,1
113.9489856,22.58492035,0
113.943438,22.58517573,578
113.9458415,22.58640192,0
113.9476197,22.58667511,571
113.9489629,22.58673308,109
113.9442306,22.58726463,136
113.9429597,22.58760864,253
113.9429764,22.58813444,3
113.9313833,22.60072849,586
113.87717,22.59330541,585
113.8707407,22.59588601,548
113.854148,22.59837802,70
113.8537585,22.59848572,76
113.8473357,22.60744709,408
113.8848612,22.60865589,252
113.8836472,22.61190224,584
113.8563252,22.61826033,178
113.8823947,22.62430952,579
113.8556491,22.62695209,459
113.917995,22.58623772,588
113.9184671,22.58691501,536
113.916571,22.58788641,589
113.9237908,22.58900168,271
113.9182479,22.6442704,582
113.9188259,22.64591582,229
113.9233669,22.67727566,412
113.9254159,22.67859965,573
113.9266662,22.6800152,566
113.9223652,22.68162201,41
113.8996042,22.58257584,528
113.8958868,22.58267785,589
113.9126733,22.58392617,585
113.8944344,22.58413966,407
113.9114729,22.59594507,590
113.9110699,22.66292329,574
113.8981849,22.67972041,30
113.8978153,22.70451682,0
113.8964483,22.70471977,395
113.8970538,22.70484045,569
113.9217839,22.68478462,574
113.9279118,22.68773468,578
113.9285169,22.73891258,54
113.9289403,22.74635126,235
113.9294749,22.74906867,399
113.9279337,22.74927768,588
113.9281407,22.74955191,581
113.9287554,22.7503853,586
113.9287946,22.7505169,577
113.9278704,22.75139866,61
113.900023,22.70900886,170
113.8996622,22.73375454,576
113.9135281,22.73379269,0
113.9107207,22.74303288,22
113.9135314,22.75295576,148
113.9013221,22.77187765,581
113.9012591,22.77189666,584
113.8971877,22.7784771,575
113.9115682,22.78356828,544
113.8984046,22.78582051,0
113.8164031,22.67846294,114
113.7987868,22.68099905,11
113.7990378,22.68112323,577
113.7886131,22.6819864,452
113.8408298,22.68699313,344
113.7804331,22.68719296,243
113.7877135,22.6882775,389
113.7722391,22.68970796,87
113.8013287,22.69109992,121
113.8254938,22.69111856,579
113.7781525,22.69131093,584
113.781885,22.69184405,509
113.7967574,22.69220111,529
113.8317387,22.69393829,31
113.8352169,22.69419765,97
113.831548,22.69428595,579
113.8056085,22.69429798,586
113.8227481,22.69524515,584
113.8333467,22.69759036,587
113.7708201,22.70024697,96
113.7995256,22.70057849,582
113.7691069,22.70080587,584
113.7689881,22.70081817,368
113.7689881,22.70081817,669
113.8110408,22.70260229,587
113.8034323,22.70310572,587
113.7993849,22.70324456,585
113.7694276,22.7037638,577
113.7964179,22.70415843,589
113.799504,22.7046672,586
113.8259544,22.70566545,171
113.7772969,22.7056933,579
113.7687704,22.70593166,168
113.7747703,22.70637324,383
113.7670948,22.70743885,11
113.7952629,22.70796428,582
113.7732917,22.70810235,576
113.7727217,22.70829372,642
113.7701004,22.70850516,77
113.8032944,22.70936865,586
113.813325,22.71532314,587
113.7679685,22.71547103,44
113.816372,22.71663146,589
113.8166246,22.71663493,583
113.8246264,22.71725695,46
113.8081714,22.71813314,242
113.7640071,22.71814364,248
113.7724355,22.71837273,1
113.7644984,22.71854388,584
113.7694265,22.72093319,579
113.8488938,22.67909113,97
113.8454218,22.68506405,318
113.8751708,22.68880382,180
113.8808594,22.6959295,82
113.8533408,22.70479986,586
113.8533421,22.70487764,216
113.8670583,22.72832698,564
113.8527015,22.73216237,577
113.8490122,22.7397133,586
113.8622248,22.76234989,99
113.7744508,22.72137396,72
113.7951607,22.72202461,535
113.818019,22.72229799,159
113.8414117,22.72379097,106
113.808484,22.7274566,1
113.8235665,22.72823879,312
113.8237038,22.72832962,21
113.7683302,22.72965579,586
113.7674584,22.72969994,250
113.7994134,22.72978639,51
113.7655749,22.7298875,56
113.8007066,22.73010848,260
113.8010685,22.73016408,589
113.8007026,22.73025543,589
113.8017772,22.73035124,590
113.8013191,22.73045143,591
113.8015085,22.73045975,590
113.8003858,22.73060979,161
113.8010063,22.73073781,579
113.8007406,22.73074236,392
113.8009792,22.73091571,1
113.8007406,22.73108726,588
113.8227742,22.73108848,145
113.8012228,22.73112207,588
113.8016488,22.73140772,590
113.800224,22.73142629,580
113.802501,22.73143118,589
113.8014122,22.73155127,582
113.8019696,22.73178016,0
113.8012468,22.73182591,581
113.8018833,22.73221529,588
113.7715251,22.73229792,580
113.8023295,22.73237561,588
113.7649485,22.73242211,585
113.8005036,22.73252584,589
113.8004398,22.73258432,59
113.7950427,22.7337431,579
113.7760979,22.73404514,498
113.8130911,22.73439435,577
113.7701397,22.73453198,581
114.498558,22.45251802,8
114.5158396,22.4556511,114
114.496804,22.46533846,134
114.4914251,22.47689665,569
114.4914185,22.47690173,564
114.5278788,22.47882867,574
114.5337029,22.48182733,131
114.5279107,22.48196882,574
114.555689,22.48235859,567
114.4850361,22.48305469,1
114.4846023,22.48799836,66
114.4774196,22.51163939,191
114.4792333,22.54038333,68
114.4789746,22.54060016,28
114.4793225,22.54089655,61
114.4788616,22.54102041,221
114.5391269,22.48256604,78
114.5391269,22.48257004,135
114.5548283,22.48273416,25
114.5256416,22.48418293,11
114.5640377,22.48418356,170
114.5679653,22.48476175,62
114.5456972,22.48480598,11
114.5459322,22.48484366,571
114.5459322,22.48484366,1
114.5359971,22.48594087,21
114.5350203,22.48762167,576
114.4864065,22.49057883,0
114.578989,22.49093979,51
114.5792138,22.49095674,579
114.5791317,22.49112369,50
114.5796521,22.49211011,128
114.5796401,22.49216301,54
114.5796411,22.49216401,43
114.5796479,22.49217171,576
114.5780706,22.49285099,0
114.3266432,22.60623555,1
114.4254556,22.6067602,571
114.4210022,22.60690202,1
114.4205875,22.60721453,0
114.3006038,22.60847521,62
114.301325,22.60887091,70
114.3649512,22.60934829,572
114.2988443,22.60935536,76
114.3570216,22.60985498,166
114.4116094,22.61012253,159
114.3039889,22.61044591,579
114.2975678,22.61068052,583
114.2915913,22.61084283,266
114.3559999,22.61157513,583
114.2980139,22.6117359,581
114.2993493,22.61236707,0
114.2992202,22.6128442,576
114.4114648,22.61286832,563
114.4113235,22.61350563,113
114.2831612,22.61363545,165
114.401568,22.61667589,572
114.2697012,22.61798782,1
114.2697339,22.61804868,66
114.2985431,22.6181544,578
114.2889909,22.61828507,580
114.2881622,22.62072339,1
114.2881622,22.62072339,61
114.2881622,22.62072339,50
114.2881622,22.62072339,573
114.2980532,22.62094287,585
114.3378891,22.62143079,581
114.2809783,22.62374163,585
114.2825358,22.62804691,552
114.2828325,22.62950227,1
114.3902284,22.63186324,564
114.3157232,22.63189721,574
114.3157131,22.63190123,21
114.2689916,22.63235662,73
114.2798448,22.63236955,81
114.2751628,22.63238725,158
114.1805082,22.61804776,570
114.1800939,22.62422189,572
114.2001836,22.63543966,581
114.1724375,22.63651264,584
114.2472706,22.63688486,165
114.2439837,22.63699692,36
114.180258,22.63959976,578
114.1799612,22.63995606,588
114.2356824,22.64254126,224
114.2032114,22.64906164,587
114.2749288,22.63356999,582
114.2733406,22.63434652,21
114.2733406,22.63434652,41
114.2728524,22.63452098,40
114.274411,22.63495729,328
114.2737323,22.63511897,0
114.2741921,22.63551742,579
114.2744447,22.63642229,134
114.2729363,22.63692486,0
114.3280129,22.63970876,573
114.5075143,22.59909476,577
114.5391237,22.59931187,436
114.51502,22.59932151,170
114.5380482,22.62631626,79
114.4983591,22.64766334,1
114.5107586,22.64984702,567
114.5358415,22.65102254,95
114.2838799,22.63997598,576
114.3336794,22.64007259,37
114.3232641,22.64080622,290
114.2733798,22.64111443,581
114.4140762,22.64297262,248
114.2740066,22.644155,151
114.2889683,22.65177823,568
114.2889649,22.65178553,112
114.4482028,22.65362009,589
114.2893989,22.65381548,579
114.3222627,22.65575138,573
114.2888592,22.65667569,149
114.3402897,22.6570171,13
114.2875897,22.66021429,580
114.3992851,22.66172102,578
114.3121144,22.66427451,581
114.3379336,22.67368205,537
114.3477423,22.67802152,584
114.3586659,22.67841962,1
114.3362262,22.67889868,1
114.1991191,22.65005069,588
114.1891771,22.65490732,586
114.1967474,22.65594946,110
114.2641104,22.65610333,580
114.265848,22.65625101,97
114.2447612,22.66364752,0
114.2157486,22.67101876,578
114.2141293,22.67973983,582
114.2248878,22.68059726,0
114.3815972,22.72489807,585
114.2918315,22.72876339,0
114.3584176,22.7288168,581
114.359624,22.7312553,580
114.2821027,22.73878619,590
114.3785728,22.74476414,583
114.3695034,22.74627979,577
114.4043069,22.7472806,110
114.2761474,22.75138576,844
114.361324,22.7519298,583
114.4045652,22.75416227,588
114.2827378,22.75696474,154
114.3549253,22.75780617,1
114.3466697,22.76120041,583
114.2984054,22.76781333,580
114.2987439,22.7680173,568
114.3120552,22.77992945,572
114.2937561,22.78052235,575
114.3196202,22.7828136,573
114.2655196,22.74155763,583
114.2108619,22.74618994,582
114.24566,22.75790355,55
114.2221992,22.78174417,566
113.9359389,22.48725631,575
113.9327102,22.48795003,65
113.9434742,22.48835431,479
113.9420821,22.48920907,67
113.9309349,22.48921938,586
113.9325933,22.48973683,0
113.9379834,22.48976475,135
113.9358608,22.48998146,560
113.8778761,22.46741087,142
113.8864175,22.47027027,419
113.8864175,22.47027027,1
113.8864175,22.47027027,432
113.8864075,22.47042727,349
113.8819534,22.47724006,576
113.8840039,22.4790416,48
113.8823989,22.47927138,581
113.8858582,22.48074228,186
113.8872298,22.4808169,256
113.8917108,22.47043258,59
113.9085585,22.47166477,575
113.9085562,22.47166488,581
113.8925625,22.47195581,579
113.8948528,22.47296467,585
113.9113952,22.47970564,58
113.9088069,22.48077287,579
113.9088002,22.48079068,101
113.8908183,22.48161534,148
113.9086933,22.48167295,585
113.9086068,22.48168919,579
113.8982177,22.48189295,577
113.8926668,22.48233417,134
113.911014,22.48253063,438
113.9085658,22.48259003,107
113.9085831,22.48264392,1
113.9126886,22.48271212,576
113.9127831,22.48280256,587
113.912586,22.4828636,83
113.911548,22.4832397,571
113.9280518,22.48059943,417
113.9149417,22.48459785,233
113.9172255,22.48528691,318
113.9237038,22.48623732,40
113.925949,22.48637633,0
113.9267634,22.48684426,581
113.9214645,22.48695869,90
113.9252131,22.48712977,0
113.9268613,22.48715614,22
113.9270202,22.48727293,587
113.912046,22.48324697,582
113.912045,22.48324997,48
113.9089138,22.48336186,573
113.911444,22.48336237,582
113.9115661,22.48339269,586
113.9123426,22.48341587,582
113.912261,22.48348683,249
113.9126263,22.48403789,578
113.890383,22.48467407,121
113.9107538,22.48509283,584
113.8872369,22.4808391,587
113.8875791,22.48117405,274
113.8875791,22.48117825,277
113.8863517,22.48179053,581
113.8825313,22.48206251,190
113.8854476,22.48293212,459
113.8818629,22.48333412,90
113.8884808,22.48686347,576
113.8787801,22.48852605,467
113.8785652,22.48853238,20
113.9114687,22.48523738,587
113.9130128,22.48534133,49
113.9091507,22.48548016,39
113.908271,22.48588337,582
113.9128238,22.48601947,159
113.9114928,22.48603237,588
113.9118408,22.48608215,209
113.9111348,22.48623381,1
113.9129274,22.4864204,378
113.9120418,22.48652102,29
113.9105797,22.48662495,138
113.9103955,22.48662777,587
113.9102464,22.48666845,587
113.9127837,22.48692951,21
113.9086515,22.48694354,579
113.9102637,22.48707115,0
113.9095105,22.48738639,587
113.9094367,22.48754293,587
113.9096256,22.48757352,134
113.9111117,22.48798464,576
113.9132726,22.48803834,62
113.9071932,22.48821977,77
113.9109026,22.48836677,584
113.9097936,22.48839943,99
113.9115389,22.48845807,584
113.9116736,22.48853028,587
113.899647,22.48853261,580
113.9108036,22.48866384,581
113.9111576,22.48869462,234
113.9127176,22.48881668,589
113.9667852,22.52190123,31
113.9676766,22.5219167,905
113.9696809,22.52223167,586
113.9550451,22.52239669,577
113.9813919,22.52375251,576
113.9818339,22.52428278,577
113.9858917,22.52446604,580
113.9853031,22.52492149,222
113.9829708,22.52632171,183
113.9501149,22.49007022,568
113.9343122,22.49703257,579
113.9432159,22.49916684,993
113.9347804,22.50005528,94
113.9474274,22.50206209,155
113.9446624,22.50601784,0
113.9487679,22.50855549,578
113.9486326,22.50873839,575
113.936488,22.50875427,92
113.9374608,22.50886856,60
113.9375467,22.5092584,126
113.9454988,22.50931876,583
113.9378433,22.50991286,91
113.9356888,22.50993862,11
113.9353676,22.51010496,579
113.9357649,22.51102807,46
113.9384039,22.51166041,31
113.9461358,22.51223047,581
113.9488056,22.51530996,588
113.9350881,22.5154095,11
114.0514922,22.50476619,11
114.0533824,22.51303467,0
114.0408318,22.51695161,584
114.0408318,22.517047,585
114.0323441,22.5201542,583
114.0361308,22.52110771,75
114.0383506,22.52264279,251
114.0479316,22.52275963,1
114.0477688,22.522834,260
114.0480616,22.52386954,115
113.9491047,22.51678746,584
113.94051,22.51715917,575
113.9391262,22.51740235,583
113.9387787,22.51743298,584
113.9394995,22.51747865,584
113.9383127,22.51754962,575
113.9383672,22.51762172,584
113.9380268,22.51770563,585
113.9380715,22.51777625,584
113.9417867,22.5179143,229
113.9335104,22.52106492,584
113.931612,22.5212274,586
113.9451137,22.52123953,561
113.9365631,22.5213553,575
113.9363783,22.52137522,584
113.944957,22.52142095,141
113.9394834,22.52150055,583
113.9419582,22.52195883,248
113.9496729,22.52538179,576
113.9345111,22.52563951,20
113.9984548,22.52530092,428
113.9874308,22.52544337,154
114.0236672,22.52664445,1
114.0195963,22.52697562,0
114.0233708,22.52699914,586
113.9874275,22.5273132,125
114.005471,22.52826161,395
114.020997,22.52849167,580
114.0193681,22.52896317,583
114.0223739,22.52906226,579
113.9829708,22.52632171,161
113.9859903,22.52669165,278
113.985971,22.52675491,575
113.9651564,22.52703241,762
113.9859992,22.52750559,874
113.9654946,22.52774927,585
113.9867531,22.52784131,133
113.9849797,22.52812693,581
113.9843531,22.52843949,250
113.983256,22.52845377,576
113.931532,22.52581485,41
113.9354339,22.52690693,583
113.9311909,22.52776678,583
113.9503669,22.52789194,515
113.9375694,22.52845774,585
113.9500204,22.52869168,581
113.9471321,22.53047991,578
113.9470848,22.53112648,582
113.9419936,22.53135936,50
113.9454464,22.53178029,1
114.0225286,22.52914943,585
114.0222884,22.52923689,583
114.0200112,22.52949435,579
113.9874071,22.52987354,0
114.020943,22.53000775,583
114.0216624,22.53043174,587
114.0220482,22.53045968,588
114.0219946,22.53048083,588
114.0206836,22.53082442,420
114.0216693,22.5308567,586
113.9193996,22.51514162,576
113.9209249,22.51514894,583
113.9241623,22.51543993,578
113.9234807,22.51572224,579
113.9178405,22.51594501,578
113.9223687,22.51610542,580
113.9173743,22.51622993,580
113.9231388,22.5170395,1
113.9281493,22.51925203,78
113.9306923,22.5197881,582
113.941784,22.51791681,585
113.9417508,22.51794367,575
113.9392171,22.51794916,584
113.9424867,22.51802793,41
113.9384436,22.51822497,582
113.9381692,22.51827536,579
113.9350877,22.51836762,44
113.9389929,22.51839376,585
113.9405495,22.51846229,585
113.9389375,22.51846736,583
113.905487,22.51374556,582
113.9073135,22.51408989,589
113.907828,22.51534502,584
113.9082646,22.51561597,589
113.9095527,22.51744826,589
113.8984125,22.51793569,590
113.9112417,22.51867331,21
113.9090554,22.52194338,583
113.9141333,22.523827,173
113.9097208,22.52406803,588
113.9409308,22.51889892,418
113.9416366,22.51893026,581
113.9411255,22.51894884,1
113.9376419,22.51908998,584
113.9413354,22.51914394,580
113.937558,22.51918082,582
113.9411954,22.5191954,583
113.9416179,22.51921659,39
113.9413752,22.51922006,43
113.9406654,22.51929361,573
113.9414233,22.51941046,580
113.9414121,22.51953997,95
113.9414401,22.51961042,65
113.9373144,22.51962834,584
113.9326314,22.51964637,587
113.9326638,22.51971342,585
113.9414707,22.51974735,63
113.9416967,22.51979272,68
113.9416927,22.51979292,577
113.936631,22.51983383,11
113.9152784,22.51979923,582
113.9186105,22.51985425,0
113.9308317,22.52016382,585
113.9303595,22.52025532,587
113.93063,22.52026512,187
113.9306302,22.52026522,586
113.9298589,22.52026556,110
113.9242111,22.52032812,37
113.928385,22.52050765,585
113.9284898,22.52052115,585
113.9322531,22.51996355,576
113.9412773,22.51997914,586
113.9367659,22.52002109,573
113.9311286,22.52009468,586
113.9312716,22.52016946,585
113.9343084,22.5203812,584
113.9337832,22.5204507,582
113.9334655,22.52048751,573
113.9340974,22.52050099,584
113.9465376,22.52067258,106
113.9283842,22.52053126,70
113.928487,22.52053451,498
113.9305972,22.52061826,579
113.9288268,22.52067303,576
113.9292473,22.52068243,0
113.9302355,22.52081299,578
113.9209963,22.52104978,76
113.9192314,22.5211157,581
113.9192346,22.5211292,575
113.9166453,22.52120872,579
113.9346682,22.52071004,579
113.9426044,22.52077661,91
113.9426026,22.52077761,582
113.9441902,22.52083143,48
113.9328535,22.52086268,62
113.9419873,22.52101431,577
113.9333283,22.52101771,580
113.9364482,22.52102901,581
113.9308429,22.52103907,581
113.9312991,22.52105968,577
113.9288601,22.52123056,585
113.9192476,22.52132708,581
113.9174379,22.52252836,588
113.9254449,22.5226308,132
113.9171103,22.52276975,31
113.9207923,22.52307502,240
113.9180815,22.52319064,164
113.9218363,22.52333727,1
113.9205416,22.52364586,581
113.9203615,22.52378125,585
114.0579533,22.51841099,11
114.0643492,22.5191979,582
114.0584617,22.52132111,48
114.0568843,22.52202865,577
114.0612292,22.52205701,580
114.0611073,22.52238117,575
114.0655202,22.52254732,582
114.0568809,22.52259107,580
114.0600102,22.52263874,99
114.0600202,22.52266873,581
114.0721033,22.52267718,882
114.0574795,22.52322666,568
114.0568494,22.52363795,92
114.0711935,22.52443698,583
114.0688943,22.52443935,77
114.0614606,22.52485461,80
114.0602548,22.52499229,1
114.0586694,22.52525554,85
114.0650873,22.52528375,21
114.0571045,22.52558326,580
114.0468441,22.52387553,578
114.044726,22.52401173,234
114.053974,22.52504775,582
114.0477005,22.52530608,584
114.0420023,22.52566353,545
114.0437568,22.52607007,581
114.0410557,22.52617728,582
114.0414091,22.5263468,579
114.0518883,22.52660985,580
114.0420821,22.52740929,582
114.0552569,22.52559006,579
114.0585293,22.52559784,579
114.0569619,22.52561729,580
114.0581697,22.52562039,81
114.0576421,22.52563021,579
114.0581228,22.52620754,585
114.062376,22.52645524,583
114.0707135,22.52645837,588
114.0568978,22.52656935,577
114.0661506,22.52687738,581
114.0598779,22.52694396,587
114.0582103,22.52700367,582
114.0588764,22.52709535,579
114.0712033,22.52712286,0
114.070279,22.52729797,578
114.0647343,22.52789138,580
114.0564144,22.52802166,589
114.0570662,22.52810331,584
114.0713092,22.52817371,582
114.0726027,22.5301114,0
114.0444244,22.52752871,585
114.0532266,22.52822741,585
114.0425413,22.52828826,0
114.0546981,22.53354363,548
114.0504955,22.53417863,579
114.0537996,22.53453611,580
114.050873,22.5348063,585
114.0484598,22.53497064,585
114.044111,22.53524828,585
114.0507484,22.5354705,572
114.0727056,22.5301323,584
114.0723847,22.53021959,0
114.0738613,22.53102724,137
114.0599717,22.53389119,585
114.0601469,22.53391303,585
114.0598985,22.53420638,585
114.0602891,22.5344046,575
114.0598616,22.53445102,578
114.0597649,22.53446076,585
114.0598611,22.53449152,584
114.0595488,22.53456888,252
114.0598478,22.53457793,584
114.0599149,22.53458614,582
114.0599587,22.53459537,11
114.0587605,22.53463806,198
114.0594243,22.53465476,584
114.0595622,22.53466005,1
114.0595886,22.53467941,249
114.0599557,22.53472007,582
114.0593753,22.53473913,167
114.0599006,22.53483414,582
114.0601763,22.53483794,582
114.0599854,22.53496221,583
114.0597969,22.53496589,577
114.0594235,22.53508384,587
114.0742368,22.53509251,584
114.0769566,22.53536457,584
114.0564419,22.53576923,11
114.0563938,22.53578395,582
114.0771995,22.53582498,585
114.0507032,22.53547558,31
114.0503596,22.53553221,573
114.0497504,22.53556335,1
114.053025,22.53568249,19
114.0504951,22.53580455,583
114.0504904,22.53580726,41
114.0546406,22.5358079,585
114.0505639,22.53585327,588
114.0484893,22.53586244,11
114.0505689,22.53589631,586
114.5850514,22.49352276,578
114.4864085,22.51473857,582
114.6099311,22.52040585,47
114.5839906,22.52097177,103
114.5672066,22.52447034,23
114.5672029,22.52447234,1
114.5406564,22.52497563,574
114.5438356,22.52504378,180
114.4860631,22.52597116,186
114.5717667,22.52606413,94
114.5194048,22.52993327,572
114.523983,22.53079971,584
114.5163361,22.53110782,581
114.5133987,22.53147822,578
114.5265314,22.53150142,1
114.5177413,22.53150485,577
114.5177694,22.53173432,566
114.526417,22.5319511,22
114.517355,22.53195345,0
114.5174859,22.53208978,576
114.5097823,22.5321987,578
114.517385,22.53238151,580
114.5135411,22.53299855,0
114.5131648,22.53306147,0
114.5093946,22.54003597,581
114.517223,22.5420867,577
114.5102953,22.54231192,574
114.6054855,22.54252245,289
114.5117397,22.54295748,11
114.6024869,22.54310038,576
114.6024868,22.54310077,52
114.6029214,22.54321199,569
114.6052719,22.54389147,201
114.5536135,22.54393994,205
114.5113309,22.54459149,0
114.5663911,22.54574022,572
114.5202987,22.54696874,0
114.5173704,22.54703936,585
114.5675517,22.54731648,65
114.5708212,22.547407,116
114.567797,22.54747375,579
114.5674315,22.54753933,574
114.5713909,22.54755356,574
114.5666382,22.54800436,1
114.5669825,22.54816486,573
114.566091,22.54821469,96
114.5674575,22.5483223,576
114.5644949,22.54895464,61
114.5671971,22.54898479,90
114.5727133,22.55122355,0
114.2309039,22.54786522,581
114.2274581,22.54866713,576
114.2278202,22.54871976,0
114.227278,22.54920357,568
114.2283177,22.55346102,585
114.2260274,22.55385817,575
114.2261176,22.55385823,584
114.2304051,22.55417588,0
114.2220416,22.55452104,583
114.2364818,22.55471147,43
114.2365338,22.55474289,93
114.2337279,22.55490203,576
114.2339915,22.55532541,577
114.2335151,22.55551336,583
114.2151817,22.55745926,262
114.2326816,22.55749776,0
114.2285689,22.55900062,585
114.4789104,22.54136533,575
114.4799887,22.5438531,585
114.4768223,22.55000772,54
114.4857805,22.55047489,113
114.4738164,22.55048873,577
114.4623017,22.56319993,30
114.4628564,22.56324336,584
114.4604476,22.56492605,571
114.4449102,22.57129963,578
114.4471711,22.57232842,96
114.4921999,22.55676659,23
114.5227894,22.55726485,573
114.5541823,22.55800347,0
114.5537454,22.55836768,571
114.5268949,22.55850156,582
114.5510101,22.55864409,580
114.550226,22.5587177,535
114.5486902,22.55942336,115
114.5478391,22.56005966,13
114.5479443,22.56006326,571
114.1363144,22.55664276,576
114.1191754,22.55668551,49
114.1269968,22.55711176,588
114.1265988,22.55770601,585
114.1404953,22.55788324,587
114.1427418,22.55852787,121
114.1252771,22.55988107,576
114.1419628,22.55993226,581
114.1250805,22.5613908,0
114.1673542,22.56167818,573
113.9845194,22.52845779,11
113.9837043,22.52860132,577
113.9837024,22.52860183,31
113.9858343,22.52888843,578
113.986457,22.52905315,579
113.9857517,22.52915876,570
113.9788127,22.53107679,22
113.9829166,22.53229459,582
113.9819919,22.53260233,0
113.9565894,22.53298209,103
114.0011147,22.53139058,1
114.0025471,22.53172624,576
113.9870773,22.53189584,577
114.0025999,22.53200306,587
113.987944,22.5323715,579
114.0223677,22.5327107,583
114.0223996,22.5328596,1
114.0190542,22.53333133,588
114.0209787,22.53399845,108
113.991874,22.53444749,574
113.9566813,22.53322225,1
113.9796246,22.53339429,1
113.9858473,22.53348116,59
113.9638623,22.53365193,584
113.9650193,22.53368446,988
113.9837754,22.53380895,37
113.9837754,22.53380895,98
113.9837754,22.53380895,91
113.9662446,22.53403915,109
113.9638233,22.53406082,577
113.9917303,22.53451272,356
114.0204239,22.53467195,586
114.0212074,22.53483297,581
114.0207032,22.53486216,582
114.0219561,22.5350098,391
114.0209242,22.53509854,583
114.0205256,22.53517764,248
114.0216321,22.53541157,575
114.0199479,22.53554122,54
114.0030954,22.53579637,587
113.9622325,22.53504362,173
113.9797332,22.53526987,822
113.9797332,22.53526987,1
113.9746015,22.53537978,578
113.9799038,22.53554235,574
113.9702894,22.53562326,555
113.9839708,22.53575717,1
113.9839688,22.53575957,1
113.9842184,22.53579749,1
113.9840309,22.53582108,1
113.9780383,22.5359468,50
113.9621372,22.53599453,31
113.9621836,22.53604681,1
113.9766755,22.53614576,68
113.9580517,22.53621121,23
113.9621012,22.53687507,1
113.9694413,22.53705694,1
113.9818459,22.53711582,1
113.9782972,22.53717968,94
113.9678269,22.53732367,27
113.9957859,22.53593952,1
114.0198835,22.53594338,1
114.0219058,22.53595739,1
114.0219985,22.53599853,1
114.0180592,22.53604949,0
114.0140252,22.53699845,31
114.0157345,22.53712603,0
114.011339,22.53722276,217
114.0179394,22.53744674,1
114.0210099,22.53747017,148
113.9680524,22.53760904,0
113.9680524,22.53760904,77
113.9784251,22.53765217,27
113.978122,22.53773646,1
113.9811387,22.53783538,63
113.9815596,22.53794832,31
113.968443,22.53796124,1
113.9786567,22.53807687,1
113.9800797,22.53821898,1
113.9691712,22.5385059,1
114.005619,22.53757569,0
114.0187192,22.53768164,31
114.0226787,22.53774858,1
114.0193423,22.53800177,1
114.0246123,22.53876349,124
114.0154571,22.53897192,23
114.0248174,22.53899443,1
114.0272137,22.53903949,1
114.0164896,22.53906576,1
113.9883238,22.53912478,1
113.9679934,22.53865834,53
113.9684059,22.53869983,31
113.9680513,22.53883597,1
113.9684813,22.53915477,1
113.9684899,22.53916274,1
113.9743538,22.53931727,0
113.9681158,22.53934586,0
113.9725087,22.53937441,1
113.9621439,22.53987269,1
113.9711742,22.53988824,0
114.0505484,22.53591384,31
114.0505484,22.53591384,221
114.0505194,22.5359139,29
114.0505993,22.53599374,1
114.0502258,22.53601144,36
114.0491185,22.53603112,23
114.0506093,22.53605172,1
114.0541725,22.53608138,1
114.0506058,22.53621152,1
114.0484735,22.53628885,1
114.0745339,22.53589042,1
114.0768216,22.53594764,0
114.0768216,22.53594764,0
114.0767416,22.53602769,0
114.0587305,22.53609202,131
114.0633777,22.53617541,191
114.073906,22.53636992,441
114.073888,22.53638334,1
114.0577742,22.53658397,96
114.0553756,22.53695441,31
114.0495386,22.5364257,1
114.0547644,22.53645426,1
114.0503257,22.53648462,1
114.0535981,22.53650035,1
114.0551792,22.53655466,1
114.0552069,22.5366968,1
114.0508855,22.53689297,1
114.0484947,22.53695717,1
114.0540521,22.53708753,1
114.0534578,22.53774312,1
114.1145127,22.53678844,1
114.1157876,22.53954042,1
114.1210425,22.53980561,1
114.1215212,22.54017682,1
114.1134537,22.54063161,53
114.113448,22.5407823,31
114.1487973,22.54082855,1
114.1142759,22.54111298,1
114.0568876,22.53717993,1
114.0694184,22.53724357,52
114.0591111,22.53784955,152
114.059112,22.53790624,1
114.0617514,22.53808231,139
114.0613051,22.53808814,11
114.0565813,22.53811277,1
114.0569185,22.53820813,1
114.0739134,22.53822671,1
114.0566623,22.53824713,1
114.0803907,22.53594134,1
114.0796756,22.53649373,111
114.1126159,22.53716143,23
114.0787034,22.5386072,1
114.0788002,22.53863944,1
114.1061401,22.53960429,1
114.1061401,22.53960529,64
114.1060582,22.53985873,23
114.0950824,22.53999337,68
114.0950648,22.54002736,31
114.0540545,22.53787478,1
114.0517924,22.53796275,127
114.0519665,22.53802114,31
114.0519745,22.53802272,131
114.0519718,22.53802423,31
114.0551751,22.53806208,1
114.052302,22.53813673,1
114.0494354,22.53848148,1
114.052828,22.53856557,1
114.0530422,22.5385892,39
114.0566599,22.53824814,41
114.0613107,22.53828472,1
114.0573416,22.53830905,1
114.0617939,22.53832154,1
114.0611792,22.5383355,1
114.0617787,22.53844845,43
114.0611712,22.538539,28
114.0612011,22.53855756,1
114.056967,22.53856863,426
114.0609004,22.53863868,258
114.0599952,22.53870299,33
114.061452,22.53874889,32
114.0611892,22.53878426,1
114.0616758,22.53878758,1
114.0610793,22.53882941,95
114.0611399,22.53883133,23
114.0597625,22.53892022,1
114.0601077,22.5391298,1
114.0606622,22.53913399,1
114.060042,22.53914929,31
114.0599432,22.53917933,28
114.0600291,22.53920191,131
114.06097,22.53920945,31
114.0670443,22.53924868,0
114.0636674,22.5401142,146
114.0562483,22.54015569,1
114.0621913,22.54035377,0
114.0710885,22.54046127,30
114.0634163,22.54146105,1
114.0755514,22.54164226,0
113.9881771,22.53916672,31
114.0272288,22.53931433,1
114.0272288,22.53931433,1
113.9908662,22.53937027,1
114.0162033,22.53964154,1
114.0213825,22.5399338,1
114.0187645,22.54004127,1
114.0187644,22.54004167,1
114.0189469,22.54009675,1
114.0194886,22.54012324,1
113.962157,22.54000015,1
113.9850677,22.54014973,211
113.9704099,22.54028836,30
113.9718107,22.54035343,1
113.9721235,22.54035854,11
113.9701695,22.54037702,158
113.9709232,22.54038592,84
113.9719683,22.54039798,31
113.9702922,22.54048367,1
113.9866931,22.54048852,1
114.0542246,22.53890793,1
114.0480208,22.53892257,1
114.0519715,22.53898307,145
114.0493387,22.53906963,27
114.05196,22.53908219,31
114.0489032,22.53915275,29
114.0492953,22.539231,1
114.0454421,22.53992456,1
114.0324329,22.54151615,196
114.0335531,22.54164519,1
113.9621485,22.54052494,1
113.9783273,22.54058769,1
113.9695606,22.54072209,1
113.9689131,22.54075948,1
113.9693243,22.54079444,1
113.969029,22.54085416,0
113.9780211,22.54087556,31
113.9779793,22.54094488,1
113.9787448,22.54096364,36
113.9615537,22.54153852,25
113.9884941,22.540231,0
113.9884307,22.5405308,31
113.9870185,22.54106761,92
113.9889785,22.54168865,31
113.9875683,22.54217408,1
113.999539,22.54222684,1
113.988564,22.54257894,1
113.9878231,22.54267328,74
113.990909,22.54273703,31
113.9909059,22.54273894,60
113.9672623,22.5416456,0
113.9671471,22.54170026,0
113.9672728,22.54184891,0
113.9652013,22.54216758,1
113.9672369,22.54240097,0
113.9672518,22.54250393,0
113.9756635,22.5425253,1
113.9675142,22.54286719,1
113.9632714,22.54300955,1
113.9632165,22.54309469,1
114.00314,22.5430309,1
114.0031376,22.54306481,30
114.0307065,22.54316016,22
113.9921443,22.54324925,1
113.9923278,22.54331099,1
114.0182872,22.5434233,1
113.9924,22.54347436,148
114.0130577,22.54354196,31
114.0283763,22.54404467,1
114.0314796,22.54424714,1
113.9316881,22.54348807,1
113.9375064,22.54358012,1
113.9385733,22.54360711,1
113.9368254,22.54365822,1
113.9369348,22.54367572,47
113.9465576,22.54423825,31
113.9514112,22.54426017,1
113.9500693,22.5442612,153
113.9513133,22.54441338,51
113.9510679,22.54447804,1
113.9776687,22.54320444,1
113.9563572,22.54369103,1
113.9520648,22.54409598,1
113.9522127,22.54416084,1
113.95203,22.54437644,1
113.9742358,22.54440428,1
113.9753492,22.54451608,35
113.9517285,22.54469291,1
113.9712068,22.54482084,0
113.952318,22.54484475,31
113.947529,22.54451186,1
113.9495593,22.54454902,1
113.9517222,22.54465683,1
113.9509185,22.5446648,1
113.9513258,22.54478543,1
113.9516307,22.54486063,1
113.9474616,22.54514936,1
113.9464357,22.54515444,1
113.9508195,22.54518695,1
113.951344,22.54519286,1
114.0957088,22.54004273,1
114.0991435,22.54009389,1
114.0991518,22.54010229,1
114.0840546,22.54018893,1
114.086351,22.54047652,0
114.0989195,22.5405038,30
114.1087183,22.54054507,1
114.105741,22.54058301,1
114.0915757,22.54101156,1
114.0942608,22.54108544,1
114.0910326,22.54111815,1
114.0897746,22.54118173,0
114.094851,22.54134257,31
114.1084987,22.54137559,1
114.0843022,22.54150315,1
114.0928224,22.54166627,1
114.1048183,22.54176446,1
114.1058452,22.54177179,1
114.1062869,22.54179623,1
114.093558,22.54180877,1
114.1134466,22.54161884,1
114.1131166,22.54161897,1
114.1148619,22.54180705,1
114.1155109,22.54213511,151
114.1165437,22.54230436,30
114.1146714,22.54234295,1
114.1151352,22.54241115,1
114.1162448,22.54242247,1
114.1152726,22.54246387,1
114.1163153,22.54247273,1
114.1048472,22.54184647,85
114.093866,22.54185027,31
114.0937967,22.54197252,1
114.0884893,22.5420147,1
114.105793,22.54204125,73
114.1058531,22.54214657,26
114.1059957,22.54221785,1
114.1069828,22.5423155,1
114.0901404,22.54255259,1
114.0782171,22.54257488,1
114.1040624,22.54258384,1
114.1123889,22.54259932,1
114.1060997,22.54269727,1
114.103521,22.54276163,1
114.1040972,22.54276245,284
114.1035206,22.54277678,103
114.105771,22.54284588,1
114.1039128,22.54286975,1
114.1060818,22.54291705,1
114.0830067,22.5429716,0
114.0606034,22.54183241,31
114.0763964,22.5418706,1
114.0650057,22.54188979,1
114.063752,22.54193728,1
114.0655791,22.54203796,1
114.0753126,22.54209152,1
114.0773022,22.5426459,231
114.0602227,22.54358735,66
114.0766831,22.54400725,1
114.069817,22.5445223,1
114.1156942,22.54310011,95
114.1153778,22.54310613,31
114.1130044,22.54313128,1
114.1152068,22.54334786,1
114.1151533,22.5434416,1
114.1145777,22.54348759,136
114.1217382,22.54363444,31
114.1155663,22.54370176,1
114.1175083,22.54374879,1
114.1166538,22.54375497,1
114.1061198,22.54298907,1
114.1056532,22.54301681,1
114.0855225,22.5432726,1
114.0817554,22.54332617,209
114.0789901,22.54335273,25
114.1057728,22.54339215,1
114.1041555,22.54342313,1
114.0777611,22.54402649,1
114.1066692,22.544077,1
114.1066839,22.54411141,1
114.0502294,22.5416521,1
114.0460273,22.54355134,1032
114.0377644,22.54378125,31
114.0406954,22.54389261,1
114.0427659,22.54430488,1
114.048851,22.54435453,1
114.0403192,22.5445566,1
114.0455217,22.54489808,44
114.0544472,22.54570042,31
114.052754,22.54581624,1
114.1189141,22.54415007,1
114.1196181,22.5441999,0
114.1197025,22.54447387,22
114.1152734,22.54468163,1
114.1152734,22.54472363,1
114.1134698,22.54479576,1
114.1275155,22.54516784,1
114.1219505,22.54543446,1
114.1167398,22.54552783,1
114.1141011,22.54561714,1
114.084299,22.54426598,1
114.0965793,22.54448257,1
114.079001,22.54490562,21
114.077733,22.54491095,22
114.0906458,22.54492838,854
114.0787195,22.54508169,27
114.0961098,22.54529044,24
114.090407,22.54552296,26
114.1014225,22.54578423,1
114.087272,22.54581092,1
114.0585639,22.54498563,1
114.0565729,22.54517694,1
114.0747611,22.54561683,1
114.077627,22.54567547,1
114.0768938,22.54586561,1
114.0568316,22.54638434,1
114.0565858,22.54638474,1
114.0570074,22.54639106,23
114.0570093,22.54639676,1
114.0568713,22.54639888,1
114.0778044,22.54584144,1
114.101685,22.54593448,1
114.0842519,22.54599988,205
114.0776909,22.5460014,22
114.1018361,22.54613876,1
114.0842348,22.54618687,392
114.0842386,22.54619227,194
114.0877893,22.54630776,1
114.1018895,22.54683423,146
114.0819953,22.54686581,153
114.0845479,22.5468817,1
114.1012284,22.54707047,1
114.1111695,22.54722427,1
114.0795789,22.5472874,40
114.1125599,22.54730864,9
114.1125388,22.54732512,1
114.0789439,22.54734349,58
114.0783998,22.54735084,31
114.0870163,22.54735688,1
114.0785448,22.54737174,73
114.1145314,22.54564801,31
114.1154355,22.54588969,1
114.1226116,22.54594908,25
114.1136024,22.54616198,31
114.1249475,22.54639782,1
114.1141758,22.54656943,1
114.1137063,22.54678232,1
114.1129695,22.54755945,1
114.1163135,22.54888209,1
114.1145291,22.54904207,1
114.0784827,22.54739528,143
114.110896,22.54747975,30
114.1115609,22.54751974,1
114.1015056,22.54767593,1
114.1052584,22.54781428,1
114.1052574,22.54783128,69
114.1095256,22.54793444,327
114.0877261,22.54816595,1
114.0872999,22.54816675,1
114.080977,22.54832243,1
114.0565359,22.54676479,620
114.0772152,22.54684188,31
114.071119,22.54773536,1
114.0567096,22.54849339,19
114.0771008,22.54864663,0
114.0560484,22.54892843,1
114.0746173,22.54956067,1
114.0648616,22.55154959,1
114.0590653,22.55198837,1
114.0591221,22.55209037,150
114.1118877,22.54839453,30
114.1117029,22.54840209,75
114.08113,22.54848944,24
114.1129121,22.54854084,1
114.0842647,22.54899666,1
114.1043161,22.54904692,1
114.1043893,22.54910655,1
114.0930676,22.54969862,1
114.1072356,22.54987213,1
114.081097,22.5506487,1
114.1281075,22.54933762,37
114.128456,22.55004403,31
114.1339499,22.55054319,1
114.1286349,22.55065402,137
114.1298404,22.55076044,1
114.1290334,22.55076675,166
114.1165281,22.55095944,21
114.1223858,22.55166841,1
114.1178954,22.5518291,1
114.1226018,22.55189574,1
114.0989729,22.5510045,1
114.108132,22.55103269,1
114.0795226,22.55120185,1
114.1029324,22.55126793,1
114.0795118,22.55128385,1
114.0840864,22.55181102,1
114.0832046,22.55220406,1
114.0832272,22.55235184,220
114.0823029,22.55261224,31
114.0951903,22.55306597,1
113.9522865,22.54491662,57
113.9517478,22.54528283,24
113.9527756,22.54529926,1
113.952629,22.5453298,1
113.9526261,22.5453308,1
113.9520906,22.54533624,1
113.9520474,22.54537934,1
113.9520429,22.54539515,1
113.9763567,22.54541511,1
113.9517225,22.54550287,1
113.9506349,22.54519606,1
113.9510606,22.5452767,1
113.9515638,22.54529725,51
113.9514921,22.54531631,31
113.9497012,22.54531985,1
113.950761,22.54538207,43
113.9506024,22.54539943,24
113.9509858,22.54547656,1
113.9513471,22.54548673,160
113.950929,22.54548808,23
113.9522718,22.5456526,1
113.9833087,22.54593262,1
113.9540034,22.54596353,1
113.9833581,22.54652363,1
113.9820099,22.54725139,1
113.9770498,22.54883086,1
113.9698392,22.54914446,238
113.96373,22.54928791,31
113.9698379,22.54951843,0
113.9578368,22.55012715,31
114.0319372,22.54598511,1
114.0474388,22.54610655,1
114.040306,22.54618082,1
114.0540157,22.54627832,104
114.0412721,22.54677195,31
114.0539696,22.54677496,1
114.0506396,22.54790602,1
114.0542738,22.54924546,1
114.0540193,22.54976576,97
114.0540715,22.54984237,24
113.9513691,22.54549368,184
113.951158,22.54550776,26
113.9515538,22.54553326,1
113.9511475,22.54554438,1
113.9506625,22.54555028,1
113.9468947,22.54556184,1
113.946641,22.54556322,1
113.9506523,22.5455823,146
113.9338534,22.54764796,31
113.9355813,22.55072487,119
114.0200441,22.54510337,31
114.005168,22.54560954,1
114.0150186,22.5464105,126
114.0059313,22.54746562,23
114.0070845,22.54748528,1
114.0060633,22.54756872,1
114.0066279,22.54772802,1
114.0276284,22.54899865,116
114.024943,22.54966969,64
114.0196046,22.55271504,1
114.0548987,22.54995826,1
114.0547064,22.55014067,1
114.0539693,22.55023381,1
114.0416382,22.55057507,1
114.0417211,22.55061169,1
114.0539878,22.55072114,1
114.0540342,22.55085466,1
114.0433799,22.55086671,1
114.0319685,22.55135542,219
114.0401321,22.55155502,1
113.9812981,22.5501282,1
113.9813417,22.55023506,1
113.9809779,22.55044342,1
113.9573043,22.5509121,1
113.9582642,22.55103982,1
113.98153,22.55113453,1
113.9585483,22.55130299,1
113.9680291,22.55893348,1
113.9684631,22.55946874,1
113.956421,22.55979765,0
114.019739,22.55271517,120
114.0294463,22.55444854,208
114.0294463,22.55444854,95
114.0251458,22.55474245,1
114.0235023,22.55552631,1
114.0308891,22.55594976,1
114.0264127,22.55711704,1
113.9869083,22.56831896,582
113.9875565,22.56914603,1
114.0003152,22.57071405,1
114.0349119,22.56196745,1
114.0331473,22.56307333,1
114.0356657,22.56502627,1
114.0367926,22.56547357,1
114.0424801,22.56559868,1
114.0477214,22.56569822,1
114.0472986,22.56573173,1
114.0483303,22.5658138,1
114.0380178,22.56629215,1
114.0326334,22.56636659,1
114.1297696,22.55203165,1
114.1344754,22.55300428,1
114.1304882,22.55321024,1
114.1360171,22.55324148,1
114.120474,22.5540741,1
114.1359275,22.55410837,1
114.118849,22.55414938,1
114.1134157,22.55503026,1
114.1424703,22.55567666,0
114.1274332,22.55643019,585
114.0499021,22.55193979,1
114.0397241,22.55536274,1
114.0397251,22.55536473,0
114.0384044,22.55552871,48
114.0396782,22.55575981,1
114.0543536,22.55591071,157
114.039162,22.5566439,585
114.0409436,22.55752175,1
114.0500148,22.55759663,1
114.0394402,22.55825424,1
114.0823384,22.55311478,1
114.0823456,22.55319648,1
114.0935522,22.55337845,1
114.1039499,22.55405847,1
114.1036739,22.5545815,54
114.0848175,22.55539996,580
114.0959661,22.55550867,1
114.110428,22.55680549,1
114.0870622,22.55704113,0
114.1048806,22.5578794,581
114.0738084,22.5542454,1
114.0652669,22.55704425,1
114.0645735,22.5572874,1
114.0660024,22.55894899,1
114.0634881,22.55898316,1
114.0635347,22.55909089,1
114.0635005,22.55912473,1
114.0643705,22.55941007,49
114.0646501,22.5594407,583
114.0650161,22.55949575,1
114.104856,22.55797458,1
114.0979123,22.55822487,1
114.0933944,22.55958814,1
114.0973737,22.55962355,1
114.0960048,22.55974932,0
114.0959464,22.55975161,140
114.0951127,22.56000469,1
114.095472,22.56001843,1
114.0975012,22.56007253,1
114.0954593,22.5603917,1
114.0943264,22.56057009,1
114.0941372,22.56078306,1
114.1020958,22.56114078,1
114.1020764,22.56119357,1
114.0904937,22.5615301,1
114.1053288,22.56349624,1
114.0914801,22.56374081,1
114.1052543,22.56420394,1
114.105586,22.56491095,1
114.1055386,22.56542747,1
114.0651459,22.55975187,1
114.0639217,22.55980592,1
114.0653886,22.55991085,1
114.0646592,22.56005705,1
114.0654502,22.56018117,1
114.065772,22.56030185,1
114.0763872,22.56441109,1
114.0709188,22.56476216,1
114.05988,22.56564629,1
114.0643108,22.57095047,125
114.0957347,22.56550346,579
114.1035939,22.56584695,0
114.0783966,22.56586751,85
114.0937932,22.5666566,1
114.0801997,22.5669566,83
114.1045292,22.56723859,70
114.1044918,22.56737655,75
114.0808747,22.56748967,117
114.1049152,22.56752845,1
114.0831566,22.56829895,400
114.04986,22.56660281,580
114.048501,22.56671819,1
114.0345482,22.56679778,1
114.0489979,22.56688162,1
114.0511457,22.56705088,1
114.03517,22.56731154,1
114.0346795,22.56736754,1
114.0344608,22.56741173,1
114.0474255,22.56752541,1
114.0548383,22.56764985,1
114.042979,22.56770351,1
114.0449051,22.56771047,60
114.0552238,22.56783018,578
114.0372027,22.56839484,1
114.0501078,22.56870014,0
114.0548158,22.56870608,582
114.0486792,22.56901602,1
114.049897,22.56921149,1
114.048412,22.56951828,1
114.053204,22.56964445,1
114.1793539,22.55986587,117
114.2337666,22.56016201,576
114.2336294,22.56088839,1
114.2312629,22.56215059,1
114.1826901,22.56256858,1
114.1797186,22.56366419,51
114.2371307,22.57041496,573
114.1888057,22.57096169,122
114.1888036,22.57096559,153
114.1911846,22.57184342,1
114.1250935,22.56171779,1
114.1251369,22.56181423,1
114.16919,22.56390904,1
114.1462081,22.56525394,31
114.1247917,22.56854168,40
114.161535,22.5691286,1
114.1368899,22.56915751,1
114.1696001,22.56959678,181
114.1398263,22.57025702,585
114.1360228,22.57055444,1
114.1696,22.57076076,1
114.1638134,22.5710227,1
114.1342388,22.57137218,1
114.1340747,22.57157622,1
114.1189607,22.57158742,1
114.1190831,22.57173663,1
114.1635265,22.57181508,1
114.1227833,22.57202905,52
114.1188679,22.57237074,582
114.1185961,22.57321778,1
114.2292275,22.5719345,1
114.2294575,22.57249208,347
114.2011227,22.57313626,102
114.2115071,22.57321067,13
114.1832407,22.57404874,51
114.2471843,22.57519194,31
114.2475101,22.57556757,141
114.2474815,22.57558817,1
114.2036201,22.57612679,106
114.2435582,22.57683522,574
114.1186562,22.57332533,1
114.1246623,22.57335794,1
114.1422225,22.57378656,117
114.1209394,22.57403367,580
114.1680697,22.57493474,1
114.1230799,22.57543613,1
114.1204516,22.57563097,1
114.1484712,22.57621598,96
114.1191951,22.57744054,114
114.1542262,22.57756216,1
114.5537071,22.56124437,60
114.5382738,22.56138022,583
114.533795,22.56494835,1
114.5357317,22.56540635,239
114.5354938,22.56551537,160
114.5228136,22.56665398,1
114.5356489,22.56870253,1
114.5346513,22.5692291,1
114.5037216,22.59030467,147
114.5055279,22.59108994,0
114.171596,22.57785267,11
114.1720823,22.57803117,584
114.1713081,22.5781155,1
114.171217,22.57819492,72
114.2088236,22.57840485,65
114.1713353,22.57851011,1
114.1771849,22.57965391,1
114.1722988,22.57967079,11
114.1766895,22.57980037,572
114.1768289,22.57986023,1
114.1296646,22.57904514,1
114.1299245,22.57910374,1
114.1298942,22.57910467,1
114.166437,22.5791228,25
114.1236364,22.57950724,585
114.1303133,22.57987676,106
114.1648636,22.58029469,572
114.1299124,22.58062723,1
114.1294332,22.58114691,1
114.1303736,22.58129268,1
114.1775083,22.58016115,1
114.1771919,22.58030185,714
114.2098174,22.58054584,192
114.1764575,22.58075274,1
114.1774315,22.58080023,1
114.1758844,22.58081037,1
114.1790257,22.58126112,1
114.2145092,22.58231507,176
114.2147205,22.58235129,443
114.2147846,22.58235136,110
114.4793132,22.57691145,104
114.4827647,22.5781914,1
114.483943,22.58373985,1
114.2725441,22.58686411,114
114.3018755,22.58695023,316
114.2887577,22.58824419,1
114.2737293,22.58826473,1
114.2742745,22.58889369,162
114.4767115,22.58976444,11
114.2715083,22.58989445,1
113.9570827,22.55996202,1
113.9682853,22.56245557,1
113.9682064,22.56249978,63
113.9681684,22.56253338,21
113.9676263,22.56274255,67
113.967652,22.56324293,575
113.9799905,22.56358109,1
113.9772332,22.56690881,55
113.9737393,22.56969461,584
113.9522892,22.5701819,1
114.0426606,22.56991608,1
114.0537673,22.57003544,1
114.054317,22.57011999,1
114.0538873,22.5702799,570
114.0543027,22.57040848,570
114.0418226,22.57092168,129
114.053558,22.57094771,569
114.0418825,22.57107554,1
114.0333655,22.57164717,0
114.0550068,22.57166316,581
113.9380667,22.57593984,1
113.947891,22.57597874,1
113.9477928,22.57598646,1
113.9371829,22.5759868,148
113.9478421,22.57603794,44
113.9409332,22.57660745,1
113.9376696,22.57688514,1
113.9405568,22.57719191,1
113.9377586,22.57725005,1
113.9357917,22.57742307,1
113.9619323,22.57154067,0
113.9863403,22.57503599,448
113.9806039,22.57581792,1
113.9811771,22.57602931,580
113.9812048,22.5762315,29
113.9810843,22.57623556,876
113.9811527,22.57626345,575
113.9548286,22.58547416,1
113.9586581,22.58553047,1
113.9595851,22.58559093,1
113.9385028,22.57753638,1
113.9374694,22.57893498,1
113.9382034,22.57900895,1
113.9364765,22.5791227,1
113.940083,22.58114996,1
113.9465026,22.5840845,1
113.9453174,22.58411288,1
113.9459926,22.58411627,1
113.9344154,22.58469854,0
113.9411457,22.58474063,575
113.9888082,22.57406164,103
114.0252477,22.57476662,740
114.0316482,22.58155414,21
114.0109448,22.58286445,190
114.0275424,22.5859356,1
114.0310138,22.58628697,1
113.9954801,22.59226826,263
113.9944494,22.59436292,578
113.9893585,22.59461555,0
113.996253,22.59593743,588
113.9584047,22.58571433,1
113.9591383,22.58575544,1
113.9582859,22.58583047,1
113.9639011,22.58963767,1
113.9542028,22.58983671,1
113.9546836,22.59056558,1
113.9782768,22.591705,1
113.9538367,22.59264832,1
113.966598,22.59282914,1
113.978342,22.59313982,1
114.0420774,22.58429466,1
114.0420746,22.58430367,588
114.0425036,22.58531462,1
114.0424628,22.59971546,112
114.0395422,22.60299762,587
114.0386648,22.60341775,393
114.0394215,22.60360801,579
114.0488332,22.6039136,1
114.0367162,22.60421414,1
114.0368213,22.60423639,1
113.9599625,22.59659538,1
113.9691535,22.59685913,1
113.9864436,22.59692205,1
113.9696799,22.59765176,1
113.9647984,22.59809338,1
113.9653933,22.59816838,1
113.9666695,22.59875187,1
113.9672153,22.59898235,178
113.9712432,22.59911119,590
113.967813,22.59948665,369
114.0367742,22.6042475,590
114.0411932,22.60533072,1
114.0380265,22.60609603,1
114.0547615,22.60635686,1
114.0544761,22.60674669,1
114.0339052,22.60681947,1
114.032414,22.60742404,1
114.0374245,22.61112147,1
114.0368954,22.61156264,1
114.0378027,22.613724,1
114.1714737,22.58274039,1
114.1762525,22.58321097,1
114.1756967,22.58326374,1
114.1730349,22.58425485,1
114.1934561,22.58466784,1
114.2316437,22.58499207,1
114.1741193,22.58641942,1
114.1741193,22.58641942,1
114.2628087,22.58968528,1
114.1908954,22.59256064,162
114.2996164,22.58998093,570
114.471322,22.59340665,1
114.4747555,22.59396332,83
114.3357803,22.59417201,24
114.3364443,22.59453974,80
114.3364748,22.59466856,246
114.4642418,22.59501942,1
114.4642408,22.59502081,1
114.4642418,22.59502472,1
114.3035373,22.59517178,194
114.1203005,22.59090862,585
114.1626809,22.59225513,135
114.1646261,22.59411256,587
114.1268119,22.59416937,0
114.1264411,22.59441786,586
114.1239075,22.59444305,1
114.1478213,22.59450765,1
114.1232827,22.59472597,1
114.126249,22.59492505,1
114.1271024,22.59629946,1
114.524378,22.59186136,1
114.5082262,22.59306965,388
114.5084801,22.59332437,71
114.5080766,22.59497097,1
114.5142792,22.59533993,1
114.509968,22.59605237,1
114.5095887,22.59612825,1
114.509381,22.59631861,1
114.5092475,22.59691714,1
114.5088591,22.596966,64
114.5076118,22.59696633,577
114.5088662,22.59698502,0
114.508828,22.5970189,580
114.508829,22.5970199,0
114.5081266,22.59702084,571
114.5081266,22.59709483,1
114.5094509,22.59755175,1
114.509101,22.59764102,162
114.5078155,22.59769583,578
114.5084364,22.59789763,1
114.3037741,22.59532987,100
114.3038334,22.59534473,13
114.3364292,22.59570761,1
114.3025983,22.5976357,1
114.4714883,22.59766365,1
114.4701799,22.59782501,1
114.3067582,22.59787817,1
114.3191651,22.598044,1
114.3088819,22.59888337,582
114.2688097,22.60009629,248
114.5083364,22.59799832,572
114.5077843,22.59810869,242
114.5077819,22.59810948,197
114.5098003,22.59814859,0
114.5084304,22.59824557,576
114.5079123,22.59837863,1
114.5096949,22.59844625,1
114.509707,22.59853127,0
114.5090033,22.59897265,108
114.5091391,22.59908173,1
114.3094064,22.6003301,1
114.3460165,22.6003979,114
114.3425582,22.60066186,581
114.3437365,22.60092676,1
114.3436766,22.60092686,1
114.3413815,22.60093041,1
114.3108692,22.60095632,1
114.3419889,22.60120779,1
114.3493118,22.60208513,1
114.3222558,22.60300875,222
114.3235731,22.60371668,145
114.4735317,22.60427745,1
114.328827,22.60492089,1
114.4178636,22.60495219,30
114.4173429,22.6050567,23
114.4161444,22.60515224,1
114.4140358,22.60534643,33
114.3249984,22.6054808,578
114.4203773,22.6059845,0
114.3266432,22.60623555,246
114.1881472,22.59288274,1
114.1889274,22.59334922,214
114.1888803,22.59380708,585
114.1974467,22.59859239,100
114.1930299,22.60075847,321
114.2611889,22.6053102,52
114.1713394,22.60719962,582
114.1759904,22.61164645,1
114.2316333,22.61407437,1
114.2636798,22.61788366,1
114.0550075,22.57166456,52
114.0548062,22.57181279,575
114.0551043,22.57181399,1
114.0549758,22.5718553,1
114.0549832,22.57206756,1
114.0549453,22.57242789,1
114.0548031,22.57286518,1
114.0528171,22.5738084,1
114.0517853,22.57439248,1
114.038348,22.57871661,1
114.1099919,22.56833738,588
114.1083108,22.57224572,1
114.1079604,22.57299362,0
114.1061379,22.57383246,588
114.0981486,22.57645907,0
114.080023,22.57746422,1
114.0992885,22.5959148,1
114.1077684,22.59858043,0
114.1084482,22.60181141,588
114.1109956,22.60325057,1
114.1369061,22.58243611,189
114.1669531,22.58302833,583
114.168756,22.58384814,1
114.1681603,22.58461842,1
114.1331061,22.58609298,0
114.1419531,22.58611573,578
114.1619239,22.58629035,1
114.1142289,22.58776662,1
114.1413984,22.59018532,83
114.1459769,22.59045897,32
114.0553814,22.57169354,1
114.0555564,22.5722913,1
114.0555847,22.57282269,29
114.0556091,22.57302802,584
114.0620762,22.57434709,132
114.0591256,22.60529446,113
114.0562699,22.60655914,1
114.0571919,22.60746583,1
114.0571938,22.60747183,1
114.073421,22.61787387,1
114.1266354,22.59641085,1
114.1391829,22.59652332,1
114.1263248,22.59659143,1
114.1258257,22.59678078,1
114.1259262,22.59702637,1
114.1251283,22.59733684,0
114.1252785,22.59794794,578
114.1131464,22.59859431,1
114.125514,22.59875032,1
114.1366634,22.60013248,1
114.1400986,22.60031487,922
114.1400986,22.60031487,566
114.1183752,22.60047884,0
114.1184102,22.60063685,91
114.1374653,22.60076364,1
114.1253284,22.60078361,1
114.1498921,22.60149205,1
114.1391301,22.60226305,1
114.1591978,22.60283417,1
114.1594315,22.60301558,1
114.0801721,22.60359014,1
114.1037729,22.6048374,1
114.0961638,22.60584238,1
114.0884396,22.60643313,1
114.0984009,22.60700722,1
114.0980996,22.60714413,397
114.0998583,22.60737555,584
114.1117063,22.60844274,1
114.0985669,22.60859503,0
114.103063,22.6088075,585
114.1310905,22.60355382,1
114.1207766,22.60685485,1
114.1417013,22.60753294,1
114.1448118,22.60824254,0
114.1481613,22.60876025,585
114.1259084,22.60928161,1
114.113015,22.61110459,107
114.1334582,22.61259186,204
114.1334582,22.61259186,119
114.1334608,22.61259266,584
114.1421218,22.61263837,0
114.1350328,22.61281945,586
114.1411799,22.61332921,1
114.133119,22.61334695,1
114.1449909,22.61343206,1
114.1315171,22.6138785,1
114.1459603,22.61393564,1
114.1467272,22.61447688,1
114.1457147,22.61452513,1
114.1460158,22.61480841,350
114.1117202,22.60918655,587
114.106724,22.60983609,1
114.1124404,22.60985792,1
114.1032288,22.61120221,1
114.1075037,22.61127173,1
114.1059948,22.61752659,1
114.1054852,22.61909836,0
114.107971,22.6238858,33
114.1098645,22.62918198,1
114.107676,22.63420472,1
114.0183212,22.59810889,1
114.0181486,22.60316978,1
114.0263943,22.60545372,1
114.026115,22.60557484,1
114.0312472,22.60815784,100
114.0273337,22.6144889,584
114.0257725,22.61519839,1
114.0303691,22.62080707,1
114.020061,22.623358,1
114.0199781,22.623528,1
113.9710585,22.60023786,1
113.9667093,22.60042753,1
113.9668832,22.60060083,1
113.9650723,22.60185728,1
113.9660596,22.60255399,29
113.9660472,22.60261281,585
113.9850392,22.6032044,1
113.9590024,22.60743789,1
113.9639456,22.61107638,1
113.9713183,22.62708877,1
114.0340454,22.61454796,1
114.0372515,22.61537956,58
114.0334196,22.61881631,586
114.0501883,22.62123037,1
114.0353774,22.62205455,1
114.0392396,22.62355993,1
114.0332795,22.62404312,1
114.0344201,22.62430147,79
114.0348469,22.62437203,582
114.0343013,22.62445373,1
114.0302454,22.62382149,1
114.0198165,22.62404966,1
114.0219477,22.62417375,1
114.0204654,22.62421673,1
114.0304594,22.62430396,1
114.0202451,22.62434342,175
114.0202181,22.62449287,497
114.0207443,22.62478746,1
114.02102,22.62482039,1
114.0204772,22.62505136,1
114.0200503,22.62505534,1
114.0199046,22.62524821,1
114.0211128,22.62543807,1
114.0237857,22.62548333,1
114.0191104,22.62552275,1
114.0199485,22.62553184,282
114.0206684,22.62558844,589
114.0299377,22.62578734,0
114.0153227,22.62580668,589
114.0193075,22.62598086,1
114.020863,22.62621339,74
114.016376,22.62653134,0
114.0198469,22.62660644,1
114.0205277,22.62661825,1
114.0187354,22.62776165,55
114.018738,22.62776635,25
114.0195129,22.62783086,65
114.0161726,22.62873214,1
114.0251643,22.62926238,1
114.0180945,22.62932588,135
114.018247,22.62938165,579
114.015526,22.63017174,1
114.0246736,22.63103618,1
114.0204785,22.63194036,1
114.0288594,22.6326489,0
114.0050359,22.63948389,0
114.026131,22.63965943,1
114.0209005,22.64148184,1
114.0145334,22.64508464,1
114.0119132,22.6453214,1
113.9586175,22.62751145,1
113.9583795,22.62760802,1
113.9599222,22.63639168,1
113.9853329,22.65231206,1
113.9853279,22.65235376,1
113.9835522,22.65353314,1
113.9557759,22.65426661,1
113.9557762,22.65427041,194
113.9601856,22.65443142,13
113.9601856,22.65443142,227
114.0344313,22.62563142,587
114.0361228,22.62587854,1
114.0510374,22.63272253,1
114.0541682,22.63324159,1
114.0322981,22.63938298,1
114.0381431,22.64099172,1
114.0329507,22.64218685,1
114.0550142,22.64234378,1
114.0389355,22.64491906,1
114.0321611,22.65847554,1
113.9331761,22.6097127,24
113.9353825,22.61232177,1
113.9501044,22.61395578,1
113.9506943,22.63896829,1
113.950099,22.63981277,1
113.9514922,22.65356174,1
113.9503404,22.66276823,1
113.9434505,22.66760703,96
113.935364,22.67793656,98
113.9435305,22.68268924,1
114.077175,22.62108597,1
114.0583622,22.62150811,1
114.0561125,22.62166554,1
114.0560152,22.62458881,129
114.0741324,22.62999652,31
114.0642969,22.63075817,1
114.0700269,22.63078154,1
114.064126,22.63094465,1
114.0647345,22.63099497,585
114.0638413,22.63101861,1
114.1460194,22.61542651,1
114.133054,22.61718455,1
114.1307598,22.62172545,1
114.1455122,22.62196158,579
114.1433141,22.62196866,571
114.1428895,22.62211493,583
114.1304353,22.62861334,583
114.1309534,22.63217214,586
114.1307358,22.63247468,48
114.1220395,22.63787671,23
114.0644866,22.63114536,587
114.0638781,22.63126492,591
114.065732,22.63153123,587
114.0663816,22.63168542,587
114.0558979,22.63313702,588
114.0644397,22.63325454,0
114.0639459,22.63389006,99
114.0559108,22.63411202,500
114.0586691,22.63412546,589
114.0587355,22.63567318,583
114.0712541,22.63677513,588
114.0657323,22.64195732,582
114.0571549,22.64352707,590
114.0595954,22.64816442,13
114.063253,22.65497091,585
114.0605541,22.65511862,588
114.0729953,22.6567317,133
114.0639413,22.65719245,470
114.0646106,22.66201157,458
114.0647675,22.66277931,458
114.0839545,22.64089251,586
114.1004658,22.65644703,585
114.1005889,22.65694197,575
114.1005958,22.65710094,578
114.1008084,22.65737035,146
114.1007137,22.65739052,580
114.0999822,22.65832309,1
114.0997048,22.65883231,0
114.0987618,22.65935994,11
114.0987584,22.65936304,30
114.0980162,22.6598747,583
114.096671,22.66014105,582
114.0982228,22.66015145,575
114.0976407,22.66027889,581
114.0979527,22.66039641,583
114.0975326,22.66046043,84
114.0972773,22.66049038,76
114.0965927,22.6607908,41
114.0966453,22.6608296,574
114.096952,22.66089324,581
114.118278,22.64949466,578
114.1247352,22.65592484,575
114.1353373,22.66558047,574
114.1355648,22.67337251,572
114.1354912,22.67338009,369
114.1263706,22.6764379,1
114.1263691,22.6764398,575
114.1260308,22.67696495,569
114.1164405,22.67941611,575
114.1243998,22.68392382,574
114.0614681,22.66314873,590
114.0654049,22.66360269,589
114.0646274,22.66446013,31
114.0662731,22.66648606,41
114.076956,22.68289369,122
114.0695825,22.68945203,31
114.0635549,22.71431136,41
114.0761266,22.7176898,31
114.0711715,22.71847257,0
114.07389,22.7191678,31
114.0972663,22.66138919,41
114.095983,22.66378847,22
114.0957688,22.66381244,31
114.0791344,22.70729912,41
114.1006731,22.71618175,28
114.1021587,22.71669114,194
114.0834214,22.73305576,105
114.0832523,22.73310682,22
114.0826861,22.73412187,31
114.0806925,22.73900135,198
114.1246652,22.69165217,31
114.1165408,22.69527647,38
114.1386419,22.69661661,41
114.1258783,22.69697334,32
114.1385165,22.69811403,31
114.1325675,22.70007955,30
114.1177244,22.70669309,41
114.1346725,22.71158362,32
114.4186847,22.67992641,38
114.3364796,22.68213046,41
114.3379044,22.68394841,157
114.3338111,22.68585462,23
114.3972091,22.68752565,33
114.3480192,22.68947033,26
114.3422607,22.69177975,31
114.3333481,22.69475321,80
114.3575175,22.69499807,22
114.3340196,22.69525213,41
114.2256378,22.69671888,41
114.214657,22.6974472,41
114.2110555,22.69750926,289
114.2144683,22.69766834,1
114.2143965,22.69789161,31
114.2147243,22.69804872,35
114.2142605,22.69819508,41
114.2141915,22.69831947,41
114.2162024,22.69854236,45
114.2136311,22.69860768,41
114.2137867,22.69862215,35
114.2134433,22.69871714,41
114.2123908,22.69901388,1
114.2129421,22.69912278,31
114.2220914,22.69913162,35
114.214154,22.69916932,35
114.2212621,22.69966767,41
114.2281048,22.69987824,35
114.2240443,22.70029079,41
114.2111156,22.70038174,38
114.2110598,22.70051424,35
114.2110987,22.70052148,36
114.2109971,22.70071281,41
114.2306081,22.70077007,41
114.210958,22.70084073,41
114.2107575,22.7023491,1
114.2188354,22.70239797,25
114.2106455,22.70250993,41
114.2427052,22.70918457,32
114.2428742,22.71279762,21
114.2802212,22.69528314,31
114.4238771,22.69664022,39
114.3569763,22.70605723,41
114.4106181,22.70682174,30
114.3447304,22.70730539,25
114.3416784,22.70957214,34
114.3125656,22.71279647,22
114.2841438,22.71688283,41
114.3529232,22.72308447,41
114.295015,22.72322134,41
114.2143076,22.7132445,36
114.2323432,22.71373104,217
114.2372022,22.71392495,30
114.2392479,22.71424459,25
114.2375921,22.71510205,41
114.238031,22.71567501,10
114.2389563,22.71711045,31
114.2388917,22.71716782,151
114.238819,22.71750351,11
114.2526879,22.71774623,31
114.2415288,22.71882784,40
114.2461156,22.71944657,41
114.251394,22.71958647,41
114.2436852,22.71999171,115
114.2437823,22.71999371,117
114.2504988,22.72048902,21
114.246659,22.72052614,36
114.2427942,22.72086191,35
114.2248067,22.72180153,31
114.2348225,22.72210221,41
114.2094803,22.72310517,41
114.26411,22.72390177,42
114.2353975,22.72398699,31
114.2276398,22.72403297,33
114.2163438,22.72484726,1
114.2652612,22.72532323,23
114.2648297,22.72547721,41
114.263336,22.72582977,32
114.2539129,22.72620439,41
114.2616651,22.72666682,81
114.2614643,22.72700955,31
114.2448124,22.72881726,41
114.2283427,22.72996873,41
114.2611962,22.73046123,31
114.2613814,22.73059578,93
114.2569343,22.73192067,31
114.2578124,22.73224156,34
114.2205178,22.73283099,33
114.2210976,22.73287659,1
114.2198828,22.73294938,31
114.2209696,22.73296335,41
114.2208112,22.73323953,41
114.2615957,22.73406655,41
114.2493974,22.73568991,41
114.218973,22.73769256,41
114.2209452,22.73822179,41
114.2264435,22.73881402,41
114.2574583,22.73889139,83
114.21726,22.73955494,24
114.2205004,22.73959609,41
114.0271772,22.64599927,56
114.0260536,22.64602672,31
114.0260511,22.64603353,41
114.0277927,22.64644708,35
114.0287966,22.64673743,38
114.0147431,22.64721992,190
114.0280185,22.64762686,31
113.996844,22.64854092,41
114.0238559,22.64900771,39
114.0241991,22.64927103,41
114.0243248,22.64984558,49
114.0243278,22.65002654,30
114.0239835,22.65008445,38
114.0234686,22.65090178,41
114.0189457,22.65090215,546
114.0229916,22.65105694,31
114.0277962,22.6513553,41
114.0225134,22.65138008,33
114.0224917,22.65162519,37
114.0224398,22.65166052,35
114.0173854,22.65200182,41
114.0265808,22.6522426,41
114.0222889,22.65227911,11
114.0192778,22.65235552,31
114.0192888,22.65235889,32
114.0157823,22.65278843,1
114.0122465,22.65421476,29
114.016132,22.65435341,0
114.0160751,22.65440586,31
114.0229624,22.65507901,493
114.0255929,22.65512903,31
114.0201955,22.65673547,41
114.0151661,22.65689265,41
114.0210268,22.65729915,41
114.0193841,22.65843608,41
114.0316481,22.65881375,1
114.0314249,22.65890709,31
114.0315677,22.65893502,41
114.0171234,22.65894564,41
114.0314294,22.65921321,41
114.0307139,22.65932898,41
114.0295384,22.65961771,32
114.0129861,22.66005479,38
114.0134118,22.66357531,314
114.0301261,22.66545896,1
114.0301496,22.6654621,101
114.0290688,22.66607373,31
114.0145817,22.66847346,1
113.9964054,22.66965843,31
114.0228596,22.67142398,32
113.9764016,22.65468326,160
113.9763218,22.65494514,30
113.976634,22.65522218,41
113.9816206,22.66085737,95
113.981613,22.66086459,24
113.9751559,22.66537231,12
113.9866185,22.67076827,442
113.9791942,22.67166278,9
113.981099,22.6727983,59
113.9582209,22.68636776,29
114.0333569,22.6599106,41
114.0357901,22.66227593,33
114.0354174,22.66272782,41
114.0528469,22.66302242,40
114.0379285,22.6647687,32
114.0411442,22.6718416,1
114.0326775,22.67374654,31
114.0345865,22.67439314,41
114.0397706,22.68522554,161
114.0390766,22.68699268,26
114.0121543,22.67244701,0
114.0236686,22.67422715,31
113.9882063,22.67750305,41
113.9878219,22.6783899,41
113.987989,22.68101189,41
113.988907,22.68113108,41
113.9964548,22.68151437,41
114.0190885,22.69158365,41
113.9869915,22.69553287,38
113.9945773,22.70178568,41
113.9311947,22.69359449,41
113.9327996,22.74934755,24
113.9478533,22.75150406,12
113.9308483,22.75201774,79
113.9447456,22.75828751,31
113.9447764,22.75836582,32
113.9361923,22.75961676,0
113.9363222,22.75965652,31
113.9383003,22.76131659,41
113.9514132,22.76149354,61
113.9846064,22.68713051,26
113.9657484,22.6947067,78
113.9570316,22.73643584,21
113.9569637,22.73643901,41
113.9532154,22.7504763,41
113.9580692,22.75735994,58
113.9651455,22.75979089,28
113.9570089,22.7632867,11
113.9634567,22.76610737,31
113.9568622,22.7791739,262
114.074557,22.71993682,31
114.0743378,22.72079397,97
114.0741608,22.72130698,88
114.0743419,22.72158945,31
114.0732908,22.72412694,38
114.0702117,22.72456365,34
114.0695277,22.72501933,41
114.0712764,22.72573436,41
114.0764416,22.72678353,1
114.0687608,22.73234906,599
114.0365636,22.69150968,31
114.0393547,22.69352615,38
114.0357802,22.70225182,41
114.0421198,22.70393989,34
114.0434797,22.70411334,34
114.0484719,22.7217109,247
114.049126,22.72217252,30
114.048569,22.72230135,40
114.0533858,22.75013037,34
114.0861596,22.74334473,38
114.0834957,22.74417945,338
114.0858804,22.7447414,31
114.0832909,22.74528856,38
114.0618573,22.75397248,32
113.9514132,22.76149354,66
113.9423441,22.76630129,27
113.9403428,22.766764,67
113.9399363,22.76711765,165
113.940239,22.76744017,31
113.9383578,22.77522702,1
113.9398129,22.77630089,1
113.9469013,22.78352532,23
113.9400802,22.78384508,39
113.9400829,22.78384808,73
113.9561152,22.77941534,55
113.9564413,22.78869173,59
113.9575191,22.79108077,31
113.9509182,22.78389732,41
113.9441839,22.78456952,34
113.9481657,22.80193369,41
114.0181662,22.73126263,40
114.0114572,22.74574066,33
113.8081775,22.73491681,41
113.8300826,22.73499912,33
113.8110424,22.73518534,41
113.8129505,22.73567252,41
113.8266105,22.73678707,41
113.811643,22.73684346,41
113.8077281,22.7376437,39
113.8251803,22.73793104,39
113.8070746,22.73828704,34
113.8357047,22.73833025,33
113.7817082,22.73902335,37
113.8246587,22.74060526,156
113.8054139,22.74149234,172
113.8141134,22.7430508,31
113.782118,22.7443141,37
113.803802,22.74464716,41
113.8038375,22.74469161,37
113.8074501,22.75623918,31
113.8321306,22.75977994,36
113.8439419,22.76649555,40
113.8338767,22.76706136,37
113.8379815,22.76770964,37
113.817623,22.76827943,1
113.8400537,22.76907151,30
113.8400498,22.76907571,33
113.8323094,22.76915178,41
113.8426643,22.77044736,40
113.8254017,22.77107701,41
113.842141,22.7712219,32
113.8410663,22.77151992,32
113.8246073,22.77518937,625
113.8412579,22.77519981,0
113.8290883,22.77631644,25
113.8356346,22.77933459,57
113.8289004,22.78600906,1
113.8435756,22.78696218,461
113.8416502,22.79550491,31
113.8425689,22.79568856,41
113.8448612,22.79706293,926
113.8492942,22.76615262,18
113.8471188,22.76623001,260
113.8471034,22.77254595,376
113.8883919,22.77829037,31
113.8886898,22.778523,1
113.889198,22.77856746,31
113.8887125,22.7788518,41
113.8489543,22.78181595,31
113.8840249,22.78607657,40
113.8818321,22.78887973,40
113.8817671,22.78964383,34
113.8490588,22.79473574,34
113.8581373,22.80448622,87
113.8844797,22.82493632,31
113.886155,22.83596506,308
113.9046884,22.81082646,31
113.9276106,22.75142757,41
113.9276969,22.75143205,11
113.9263562,22.75433331,31
